id,inputs,reference_outputs,session_name,repetition,outputs,run,status,error,latency,tokens,total_cost,exact_effective_date_f1,exact_f1,exact_jurisdiction_f1,exact_party_f1,exact_term_f1,fuzzy_f1,fuzzy_jurisdiction_f1,fuzzy_party_f1,fuzzy_term_f1
028ea476-30fa-56da-98e4-f9bd77397c02,"{""document_id"": ""db004ff0a64417b9987241241b209c69.pdf""}","{""term"": ""2_years"", ""party"": [{""name"": ""Potbelly_Corporation""}, {""name"": ""Ancora_Advisors_LLC""}], ""jurisdiction"": ""Delaware"", ""effective_date"": ""2017-10-02""}",gpt-lite-single_pass-text-e2642fb3,1,"{""_char_count"": 15879, ""_page_count"": 5, ""effective_date"": ""2017-10-02"", ""jurisdiction"": ""Delaware"", ""party"": [{""name"": ""Potbelly_Corporation""}, {""name"": ""Ancora_Advisors_LLC""}, {""name"": ""Frederick_DiSanto""}, {""name"": ""James_Chadwick""}, {""name"": ""Brian_Hopkins""}, {""name"": ""Joseph_Boehm""}], ""term"": ""2_years""}","{""inputs"": {""document_id"": ""db004ff0a64417b9987241241b209c69.pdf""}, ""outputs"": {""_char_count"": 15879, ""_page_count"": 5, ""effective_date"": ""2017-10-02"", ""jurisdiction"": ""Delaware"", ""party"": [{""name"": ""Potbelly_Corporation""}, {""name"": ""Ancora_Advisors_LLC""}, {""name"": ""Frederick_DiSanto""}, {""name"": ""James_Chadwick""}, {""name"": ""Brian_Hopkins""}, {""name"": ""Joseph_Boehm""}], ""term"": ""2_years""}, ""session_id"": ""d64bc366-59fa-46dc-bfef-ebfff4ead222"", ""error"": null, ""extra"": {""metadata"": {""LANGSMITH_ENDPOINT"": ""https://api.smith.langchain.com"", ""LANGSMITH_PROJECT"": ""agentic-kie-evals"", ""LANGSMITH_TRACING"": ""true"", ""__ls_runner"": ""py_sdk_evaluate"", ""example_version"": ""2026-04-11T14:27:50.429277+00:00"", ""ls_example_dataset_split"": [""dev""], ""ls_example_partition"": ""dev-0"", ""ls_example_source"": ""kleister-nda"", ""ls_method"": ""traceable"", ""ls_run_depth"": 0, ""modality"": ""text"", ""model_name"": ""gpt"", ""num_repetitions"": 1, ""revision_id"": ""dc70dde"", ""strategy"": ""single_pass""}, ""runtime"": {""langchain_core_version"": ""1.2.28"", ""langchain_version"": ""1.2.15"", ""library"": ""langsmith"", ""platform"": ""macOS-26.4-arm64-arm-64bit-Mach-O"", ""py_implementation"": ""CPython"", ""runtime"": ""python"", ""runtime_version"": ""3.13.12"", ""sdk"": ""langsmith-py"", ""sdk_version"": ""0.7.30""}}, ""run_type"": ""chain"", ""id"": ""019d7e0d-3b95-79f0-84db-e87b79aa3cb8"", ""status"": ""success""}",success,,1.049968957901001,3866,0.003222,1.0,0.875,1.0,0.5,1.0,0.875,1.0,0.5,1.0
0316bb8f-f778-5c7e-a405-7f14c54ee098,"{""document_id"": ""ba91f088d45bf7314d395f06632193b0.pdf""}","{""term"": null, ""party"": [{""name"": ""Photoworks_Inc.""}, {""name"": ""American_Greetings_Corporation""}], ""jurisdiction"": ""Washington"", ""effective_date"": ""2007-08-14""}",gpt-lite-single_pass-text-e2642fb3,1,"{""_char_count"": 20918, ""_page_count"": 4, ""effective_date"": ""2007-08-14"", ""jurisdiction"": ""Washington"", ""party"": [{""name"": ""PhotoWorks_Inc.""}, {""name"": ""American_Greetings_Corporation""}], ""term"": ""3_years""}","{""inputs"": {""document_id"": ""ba91f088d45bf7314d395f06632193b0.pdf""}, ""outputs"": {""_char_count"": 20918, ""_page_count"": 4, ""effective_date"": ""2007-08-14"", ""jurisdiction"": ""Washington"", ""party"": [{""name"": ""PhotoWorks_Inc.""}, {""name"": ""American_Greetings_Corporation""}], ""term"": ""3_years""}, ""session_id"": ""d64bc366-59fa-46dc-bfef-ebfff4ead222"", ""error"": null, ""extra"": {""metadata"": {""LANGSMITH_ENDPOINT"": ""https://api.smith.langchain.com"", ""LANGSMITH_PROJECT"": ""agentic-kie-evals"", ""LANGSMITH_TRACING"": ""true"", ""__ls_runner"": ""py_sdk_evaluate"", ""example_version"": ""2026-04-11T14:27:50.429277+00:00"", ""ls_example_dataset_split"": [""dev""], ""ls_example_partition"": ""dev-0"", ""ls_example_source"": ""kleister-nda"", ""ls_method"": ""traceable"", ""ls_run_depth"": 0, ""modality"": ""text"", ""model_name"": ""gpt"", ""num_repetitions"": 1, ""revision_id"": ""dc70dde"", ""strategy"": ""single_pass""}, ""runtime"": {""langchain_core_version"": ""1.2.28"", ""langchain_version"": ""1.2.15"", ""library"": ""langsmith"", ""platform"": ""macOS-26.4-arm64-arm-64bit-Mach-O"", ""py_implementation"": ""CPython"", ""runtime"": ""python"", ""runtime_version"": ""3.13.12"", ""sdk"": ""langsmith-py"", ""sdk_version"": ""0.7.30""}}, ""run_type"": ""chain"", ""id"": ""019d7e0d-3c82-76c0-8f3f-c73a574ec87a"", ""status"": ""success""}",success,,1.2343339920043945,4657,0.00368025,1.0,0.75,1.0,1.0,0.0,0.75,1.0,1.0,0.0
0344c372-aeb4-5a07-9e42-341d27b83999,"{""document_id"": ""58bb4bcceda75d910f8c87563aeedec7.pdf""}","{""term"": null, ""party"": [{""name"": ""Citi_Trends_Inc.""}, {""name"": ""Ivy_Council""}], ""jurisdiction"": ""Georgia"", ""effective_date"": ""2013-05-01""}",gpt-lite-single_pass-text-e2642fb3,1,"{""_char_count"": 14197, ""_page_count"": 3, ""effective_date"": ""2013-05-01"", ""jurisdiction"": ""Georgia"", ""party"": [{""name"": ""Citi_Trends_Inc.""}, {""name"": ""Ivy_Council""}], ""term"": null}","{""inputs"": {""document_id"": ""58bb4bcceda75d910f8c87563aeedec7.pdf""}, ""outputs"": {""_char_count"": 14197, ""_page_count"": 3, ""effective_date"": ""2013-05-01"", ""jurisdiction"": ""Georgia"", ""party"": [{""name"": ""Citi_Trends_Inc.""}, {""name"": ""Ivy_Council""}], ""term"": null}, ""session_id"": ""d64bc366-59fa-46dc-bfef-ebfff4ead222"", ""error"": null, ""extra"": {""metadata"": {""LANGSMITH_ENDPOINT"": ""https://api.smith.langchain.com"", ""LANGSMITH_PROJECT"": ""agentic-kie-evals"", ""LANGSMITH_TRACING"": ""true"", ""__ls_runner"": ""py_sdk_evaluate"", ""example_version"": ""2026-04-11T14:27:44.810791+00:00"", ""ls_example_dataset_split"": [""dev""], ""ls_example_partition"": ""dev-0"", ""ls_example_source"": ""kleister-nda"", ""ls_method"": ""traceable"", ""ls_run_depth"": 0, ""modality"": ""text"", ""model_name"": ""gpt"", ""num_repetitions"": 1, ""revision_id"": ""dc70dde"", ""strategy"": ""single_pass""}, ""runtime"": {""langchain_core_version"": ""1.2.28"", ""langchain_version"": ""1.2.15"", ""library"": ""langsmith"", ""platform"": ""macOS-26.4-arm64-arm-64bit-Mach-O"", ""py_implementation"": ""CPython"", ""runtime"": ""python"", ""runtime_version"": ""3.13.12"", ""sdk"": ""langsmith-py"", ""sdk_version"": ""0.7.30""}}, ""run_type"": ""chain"", ""id"": ""019d7e0d-8d14-7e10-8c4d-dce9748d4071"", ""status"": ""success""}",success,,0.9457788467407227,3417,0.0027465,1.0,1.0,1.0,1.0,1.0,1.0,1.0,1.0,1.0
06acf059-c9ce-5890-abe0-ba3e93363e72,"{""document_id"": ""435d6eaa82632030cfc84bbd93e96bf8.pdf""}","{""term"": ""3_years"", ""party"": [{""name"": ""Aol_Inc.""}, {""name"": ""Verizon_Corporate_Services_Group_Inc.""}], ""jurisdiction"": ""New_York"", ""effective_date"": ""2014-11-25""}",gpt-lite-single_pass-text-e2642fb3,1,"{""_char_count"": 12295, ""_page_count"": 3, ""effective_date"": ""2014-11-25"", ""jurisdiction"": ""New_York"", ""party"": [{""name"": ""AOL_Inc.""}, {""name"": ""Verizon_Corporate_Services_Group_Inc.""}], ""term"": ""3_years""}","{""inputs"": {""document_id"": ""435d6eaa82632030cfc84bbd93e96bf8.pdf""}, ""outputs"": {""_char_count"": 12295, ""_page_count"": 3, ""effective_date"": ""2014-11-25"", ""jurisdiction"": ""New_York"", ""party"": [{""name"": ""AOL_Inc.""}, {""name"": ""Verizon_Corporate_Services_Group_Inc.""}], ""term"": ""3_years""}, ""session_id"": ""d64bc366-59fa-46dc-bfef-ebfff4ead222"", ""error"": null, ""extra"": {""metadata"": {""LANGSMITH_ENDPOINT"": ""https://api.smith.langchain.com"", ""LANGSMITH_PROJECT"": ""agentic-kie-evals"", ""LANGSMITH_TRACING"": ""true"", ""__ls_runner"": ""py_sdk_evaluate"", ""example_version"": ""2026-04-11T14:27:42.293905+00:00"", ""ls_example_dataset_split"": [""dev""], ""ls_example_partition"": ""dev-0"", ""ls_example_source"": ""kleister-nda"", ""ls_method"": ""traceable"", ""ls_run_depth"": 0, ""modality"": ""text"", ""model_name"": ""gpt"", ""num_repetitions"": 1, ""revision_id"": ""dc70dde"", ""strategy"": ""single_pass""}, ""runtime"": {""langchain_core_version"": ""1.2.28"", ""langchain_version"": ""1.2.15"", ""library"": ""langsmith"", ""platform"": ""macOS-26.4-arm64-arm-64bit-Mach-O"", ""py_implementation"": ""CPython"", ""runtime"": ""python"", ""runtime_version"": ""3.13.12"", ""sdk"": ""langsmith-py"", ""sdk_version"": ""0.7.30""}}, ""run_type"": ""chain"", ""id"": ""019d7e0d-d94d-7842-b857-e7d56067f316"", ""status"": ""success""}",success,,0.9703788757324219,3234,0.00263925,1.0,1.0,1.0,1.0,1.0,1.0,1.0,1.0,1.0
080f5fcf-edaf-5893-b946-422f7a9e2587,"{""document_id"": ""0d3f3a02773949e285cfc3ad2fe4dbf5.pdf""}","{""term"": null, ""party"": [{""name"": ""Oglethorpe_Power_Corporation""}], ""jurisdiction"": ""New_York"", ""effective_date"": null}",gpt-lite-single_pass-text-e2642fb3,1,"{""_char_count"": 25425, ""_page_count"": 10, ""effective_date"": ""2008-04-08"", ""jurisdiction"": ""New_York"", ""party"": [{""name"": ""Oglethorpe_Power_Corporation""}], ""term"": null}","{""inputs"": {""document_id"": ""0d3f3a02773949e285cfc3ad2fe4dbf5.pdf""}, ""outputs"": {""_char_count"": 25425, ""_page_count"": 10, ""effective_date"": ""2008-04-08"", ""jurisdiction"": ""New_York"", ""party"": [{""name"": ""Oglethorpe_Power_Corporation""}], ""term"": null}, ""session_id"": ""d64bc366-59fa-46dc-bfef-ebfff4ead222"", ""error"": null, ""extra"": {""metadata"": {""LANGSMITH_ENDPOINT"": ""https://api.smith.langchain.com"", ""LANGSMITH_PROJECT"": ""agentic-kie-evals"", ""LANGSMITH_TRACING"": ""true"", ""__ls_runner"": ""py_sdk_evaluate"", ""example_version"": ""2026-04-11T14:27:42.293905+00:00"", ""ls_example_dataset_split"": [""dev""], ""ls_example_partition"": ""dev-0"", ""ls_example_source"": ""kleister-nda"", ""ls_method"": ""traceable"", ""ls_run_depth"": 0, ""modality"": ""text"", ""model_name"": ""gpt"", ""num_repetitions"": 1, ""revision_id"": ""dc70dde"", ""strategy"": ""single_pass""}, ""runtime"": {""langchain_core_version"": ""1.2.28"", ""langchain_version"": ""1.2.15"", ""library"": ""langsmith"", ""platform"": ""macOS-26.4-arm64-arm-64bit-Mach-O"", ""py_implementation"": ""CPython"", ""runtime"": ""python"", ""runtime_version"": ""3.13.12"", ""sdk"": ""langsmith-py"", ""sdk_version"": ""0.7.30""}}, ""run_type"": ""chain"", ""id"": ""019d7e0d-dd18-7032-8670-bd586664256b"", ""status"": ""success""}",success,,1.0042459964752197,6196,0.00481575,0.0,0.75,1.0,1.0,1.0,0.75,1.0,1.0,1.0
0f823d28-66b9-5f17-ade1-bd8a38c90af9,"{""document_id"": ""0f32a3a54d9c1e42d26f66746821c3bf.pdf""}","{""term"": ""2_years"", ""party"": [{""name"": ""Jda_Software_Group_Inc.""}, {""name"": ""Redprairie_Holding_Inc.""}], ""jurisdiction"": ""Delaware"", ""effective_date"": ""2012-09-04""}",gpt-lite-single_pass-text-e2642fb3,1,"{""_char_count"": 25570, ""_page_count"": 8, ""effective_date"": ""2012-09-04"", ""jurisdiction"": ""Delaware"", ""party"": [{""name"": ""JDA_Software_Group_Inc.""}, {""name"": ""RedPrairie_Holding_Inc.""}, {""name"": ""New_Mountain_Capital_LLC""}], ""term"": ""2_years""}","{""inputs"": {""document_id"": ""0f32a3a54d9c1e42d26f66746821c3bf.pdf""}, ""outputs"": {""_char_count"": 25570, ""_page_count"": 8, ""effective_date"": ""2012-09-04"", ""jurisdiction"": ""Delaware"", ""party"": [{""name"": ""JDA_Software_Group_Inc.""}, {""name"": ""RedPrairie_Holding_Inc.""}, {""name"": ""New_Mountain_Capital_LLC""}], ""term"": ""2_years""}, ""session_id"": ""d64bc366-59fa-46dc-bfef-ebfff4ead222"", ""error"": null, ""extra"": {""metadata"": {""LANGSMITH_ENDPOINT"": ""https://api.smith.langchain.com"", ""LANGSMITH_PROJECT"": ""agentic-kie-evals"", ""LANGSMITH_TRACING"": ""true"", ""__ls_runner"": ""py_sdk_evaluate"", ""example_version"": ""2026-04-11T14:27:42.293905+00:00"", ""ls_example_dataset_split"": [""dev""], ""ls_example_partition"": ""dev-0"", ""ls_example_source"": ""kleister-nda"", ""ls_method"": ""traceable"", ""ls_run_depth"": 0, ""modality"": ""text"", ""model_name"": ""gpt"", ""num_repetitions"": 1, ""revision_id"": ""dc70dde"", ""strategy"": ""single_pass""}, ""runtime"": {""langchain_core_version"": ""1.2.28"", ""langchain_version"": ""1.2.15"", ""library"": ""langsmith"", ""platform"": ""macOS-26.4-arm64-arm-64bit-Mach-O"", ""py_implementation"": ""CPython"", ""runtime"": ""python"", ""runtime_version"": ""3.13.12"", ""sdk"": ""langsmith-py"", ""sdk_version"": ""0.7.30""}}, ""run_type"": ""chain"", ""id"": ""019d7e0d-ded7-7c03-839e-9833f3c799ba"", ""status"": ""success""}",success,,1.1470060348510742,5917,0.00468525,1.0,0.95,1.0,0.8,1.0,0.95,1.0,0.8,1.0
13be653c-c5c1-5c79-b9ca-c73ac4934e70,"{""document_id"": ""ab46a92eef527dbae20fc09b2741c804.pdf""}","{""term"": ""2_years"", ""party"": [{""name"": ""Webex_Communications_Inc.""}, {""name"": ""Cisco_Systems_Inc.""}], ""jurisdiction"": ""Delaware"", ""effective_date"": ""2007-03-04""}",gpt-lite-single_pass-text-e2642fb3,1,"{""_char_count"": 20257, ""_page_count"": 7, ""effective_date"": ""2007-03-04"", ""jurisdiction"": ""Delaware"", ""party"": [{""name"": ""Webex_Communications_Inc.""}, {""name"": ""Cisco_Systems_Inc.""}], ""term"": ""2_years""}","{""inputs"": {""document_id"": ""ab46a92eef527dbae20fc09b2741c804.pdf""}, ""outputs"": {""_char_count"": 20257, ""_page_count"": 7, ""effective_date"": ""2007-03-04"", ""jurisdiction"": ""Delaware"", ""party"": [{""name"": ""Webex_Communications_Inc.""}, {""name"": ""Cisco_Systems_Inc.""}], ""term"": ""2_years""}, ""session_id"": ""d64bc366-59fa-46dc-bfef-ebfff4ead222"", ""error"": null, ""extra"": {""metadata"": {""LANGSMITH_ENDPOINT"": ""https://api.smith.langchain.com"", ""LANGSMITH_PROJECT"": ""agentic-kie-evals"", ""LANGSMITH_TRACING"": ""true"", ""__ls_runner"": ""py_sdk_evaluate"", ""example_version"": ""2026-04-11T14:27:47.469735+00:00"", ""ls_example_dataset_split"": [""dev""], ""ls_example_partition"": ""dev-0"", ""ls_example_source"": ""kleister-nda"", ""ls_method"": ""traceable"", ""ls_run_depth"": 0, ""modality"": ""text"", ""model_name"": ""gpt"", ""num_repetitions"": 1, ""revision_id"": ""dc70dde"", ""strategy"": ""single_pass""}, ""runtime"": {""langchain_core_version"": ""1.2.28"", ""langchain_version"": ""1.2.15"", ""library"": ""langsmith"", ""platform"": ""macOS-26.4-arm64-arm-64bit-Mach-O"", ""py_implementation"": ""CPython"", ""runtime"": ""python"", ""runtime_version"": ""3.13.12"", ""sdk"": ""langsmith-py"", ""sdk_version"": ""0.7.30""}}, ""run_type"": ""chain"", ""id"": ""019d7e0d-5fdc-7091-937f-9e42ce183289"", ""status"": ""success""}",success,,2.579202175140381,4752,0.0037665,1.0,1.0,1.0,1.0,1.0,1.0,1.0,1.0,1.0
145f3257-e509-536d-9e11-e509011d9d6c,"{""document_id"": ""dffd3c1faf94dbdc6b3853fbb07afdd8.pdf""}","{""term"": null, ""party"": [{""name"": ""Newgistics_Inc.""}, {""name"": ""Stephen_M._Mattessich""}], ""jurisdiction"": ""Texas"", ""effective_date"": ""2011-03-29""}",gpt-lite-single_pass-text-e2642fb3,1,"{""_char_count"": 9797, ""_page_count"": 4, ""effective_date"": ""2011-03-29"", ""jurisdiction"": ""Texas"", ""party"": [{""name"": ""Newgistics_Inc.""}], ""term"": ""2_years""}","{""inputs"": {""document_id"": ""dffd3c1faf94dbdc6b3853fbb07afdd8.pdf""}, ""outputs"": {""_char_count"": 9797, ""_page_count"": 4, ""effective_date"": ""2011-03-29"", ""jurisdiction"": ""Texas"", ""party"": [{""name"": ""Newgistics_Inc.""}], ""term"": ""2_years""}, ""session_id"": ""d64bc366-59fa-46dc-bfef-ebfff4ead222"", ""error"": null, ""extra"": {""metadata"": {""LANGSMITH_ENDPOINT"": ""https://api.smith.langchain.com"", ""LANGSMITH_PROJECT"": ""agentic-kie-evals"", ""LANGSMITH_TRACING"": ""true"", ""__ls_runner"": ""py_sdk_evaluate"", ""example_version"": ""2026-04-11T14:27:50.429277+00:00"", ""ls_example_dataset_split"": [""dev""], ""ls_example_partition"": ""dev-0"", ""ls_example_source"": ""kleister-nda"", ""ls_method"": ""traceable"", ""ls_run_depth"": 0, ""modality"": ""text"", ""model_name"": ""gpt"", ""num_repetitions"": 1, ""revision_id"": ""dc70dde"", ""strategy"": ""single_pass""}, ""runtime"": {""langchain_core_version"": ""1.2.28"", ""langchain_version"": ""1.2.15"", ""library"": ""langsmith"", ""platform"": ""macOS-26.4-arm64-arm-64bit-Mach-O"", ""py_implementation"": ""CPython"", ""runtime"": ""python"", ""runtime_version"": ""3.13.12"", ""sdk"": ""langsmith-py"", ""sdk_version"": ""0.7.30""}}, ""run_type"": ""chain"", ""id"": ""019d7e0d-3faf-7fd2-a28c-083bcafe6a41"", ""status"": ""success""}",success,,0.8385579586029053,2686,0.002172,1.0,0.6667,1.0,0.6667,0.0,0.6667,1.0,0.6667,0.0
15294f6f-204b-560a-ae63-96142f32ad3c,"{""document_id"": ""5646698b1542fd5a4d4b7bc60d84b8fd.pdf""}","{""term"": null, ""party"": [{""name"": ""Patricia_Sueltz""}, {""name"": ""Salesforce.Com_Inc.""}], ""jurisdiction"": ""California"", ""effective_date"": ""2005-05-17""}",gpt-lite-single_pass-text-e2642fb3,1,"{""_char_count"": 17707, ""_page_count"": 6, ""effective_date"": ""2005-05-31"", ""jurisdiction"": ""California"", ""party"": [{""name"": ""Patricia_Sueltz""}, {""name"": ""salesforce.com_inc.""}], ""term"": null}","{""inputs"": {""document_id"": ""5646698b1542fd5a4d4b7bc60d84b8fd.pdf""}, ""outputs"": {""_char_count"": 17707, ""_page_count"": 6, ""effective_date"": ""2005-05-31"", ""jurisdiction"": ""California"", ""party"": [{""name"": ""Patricia_Sueltz""}, {""name"": ""salesforce.com_inc.""}], ""term"": null}, ""session_id"": ""d64bc366-59fa-46dc-bfef-ebfff4ead222"", ""error"": null, ""extra"": {""metadata"": {""LANGSMITH_ENDPOINT"": ""https://api.smith.langchain.com"", ""LANGSMITH_PROJECT"": ""agentic-kie-evals"", ""LANGSMITH_TRACING"": ""true"", ""__ls_runner"": ""py_sdk_evaluate"", ""example_version"": ""2026-04-11T14:27:44.810791+00:00"", ""ls_example_dataset_split"": [""dev""], ""ls_example_partition"": ""dev-0"", ""ls_example_source"": ""kleister-nda"", ""ls_method"": ""traceable"", ""ls_run_depth"": 0, ""modality"": ""text"", ""model_name"": ""gpt"", ""num_repetitions"": 1, ""revision_id"": ""dc70dde"", ""strategy"": ""single_pass""}, ""runtime"": {""langchain_core_version"": ""1.2.28"", ""langchain_version"": ""1.2.15"", ""library"": ""langsmith"", ""platform"": ""macOS-26.4-arm64-arm-64bit-Mach-O"", ""py_implementation"": ""CPython"", ""runtime"": ""python"", ""runtime_version"": ""3.13.12"", ""sdk"": ""langsmith-py"", ""sdk_version"": ""0.7.30""}}, ""run_type"": ""chain"", ""id"": ""019d7e0d-90c6-70f2-b982-67601556f73d"", ""status"": ""success""}",success,,1.0048081874847412,4313,0.00341475,0.0,0.75,1.0,1.0,1.0,0.75,1.0,1.0,1.0
187a899a-4d50-5fd2-a9d9-5f7cb7b80af8,"{""document_id"": ""b6e2939084cbdb9da155803777f9ad78.pdf""}","{""term"": null, ""party"": [{""name"": ""Affiliated_Companies""}, {""name"": ""Michael_L._Mooney""}], ""jurisdiction"": ""Idaho"", ""effective_date"": ""2005-05-04""}",gpt-lite-single_pass-text-e2642fb3,1,"{""_char_count"": 5116, ""_page_count"": 2, ""effective_date"": ""2005-05-04"", ""jurisdiction"": ""Idaho"", ""party"": [{""name"": ""Silver_Valley_Capital""}, {""name"": ""Sterling_Mining_Company""}, {""name"": ""Kimberly_Gold_Mines_Inc.""}, {""name"": ""Shoshone_Silver_Mining_Company""}, {""name"": ""Michael_L._Mooney""}], ""term"": null}","{""inputs"": {""document_id"": ""b6e2939084cbdb9da155803777f9ad78.pdf""}, ""outputs"": {""_char_count"": 5116, ""_page_count"": 2, ""effective_date"": ""2005-05-04"", ""jurisdiction"": ""Idaho"", ""party"": [{""name"": ""Silver_Valley_Capital""}, {""name"": ""Sterling_Mining_Company""}, {""name"": ""Kimberly_Gold_Mines_Inc.""}, {""name"": ""Shoshone_Silver_Mining_Company""}, {""name"": ""Michael_L._Mooney""}], ""term"": null}, ""session_id"": ""d64bc366-59fa-46dc-bfef-ebfff4ead222"", ""error"": null, ""extra"": {""metadata"": {""LANGSMITH_ENDPOINT"": ""https://api.smith.langchain.com"", ""LANGSMITH_PROJECT"": ""agentic-kie-evals"", ""LANGSMITH_TRACING"": ""true"", ""__ls_runner"": ""py_sdk_evaluate"", ""example_version"": ""2026-04-11T14:27:50.429277+00:00"", ""ls_example_dataset_split"": [""dev""], ""ls_example_partition"": ""dev-0"", ""ls_example_source"": ""kleister-nda"", ""ls_method"": ""traceable"", ""ls_run_depth"": 0, ""modality"": ""text"", ""model_name"": ""gpt"", ""num_repetitions"": 1, ""revision_id"": ""dc70dde"", ""strategy"": ""single_pass""}, ""runtime"": {""langchain_core_version"": ""1.2.28"", ""langchain_version"": ""1.2.15"", ""library"": ""langsmith"", ""platform"": ""macOS-26.4-arm64-arm-64bit-Mach-O"", ""py_implementation"": ""CPython"", ""runtime"": ""python"", ""runtime_version"": ""3.13.12"", ""sdk"": ""langsmith-py"", ""sdk_version"": ""0.7.30""}}, ""run_type"": ""chain"", ""id"": ""019d7e0d-4154-7eb3-937c-f86ec3f91c3f"", ""status"": ""success""}",success,,1.4437000751495361,1733,0.001611,1.0,0.8214,1.0,0.2857,1.0,0.8214,1.0,0.2857,1.0
24551928-d29b-5db4-9eba-3e5f809bb0ee,"{""document_id"": ""8bd2be4b4638f0d148dd4fa541fb71ef.pdf""}","{""term"": null, ""party"": [{""name"": ""Corus_Pharma_Inc.""}, {""name"": ""A._Bruce_Montgomery""}], ""jurisdiction"": ""Washington"", ""effective_date"": null}",gpt-lite-single_pass-text-e2642fb3,1,"{""_char_count"": 18653, ""_page_count"": 7, ""effective_date"": ""2001-05-18"", ""jurisdiction"": ""Washington"", ""party"": [{""name"": ""Corus_Pharma_Inc.""}, {""name"": ""A._Bruce_Montgomery_M.D.""}], ""term"": null}","{""inputs"": {""document_id"": ""8bd2be4b4638f0d148dd4fa541fb71ef.pdf""}, ""outputs"": {""_char_count"": 18653, ""_page_count"": 7, ""effective_date"": ""2001-05-18"", ""jurisdiction"": ""Washington"", ""party"": [{""name"": ""Corus_Pharma_Inc.""}, {""name"": ""A._Bruce_Montgomery_M.D.""}], ""term"": null}, ""session_id"": ""d64bc366-59fa-46dc-bfef-ebfff4ead222"", ""error"": null, ""extra"": {""metadata"": {""LANGSMITH_ENDPOINT"": ""https://api.smith.langchain.com"", ""LANGSMITH_PROJECT"": ""agentic-kie-evals"", ""LANGSMITH_TRACING"": ""true"", ""__ls_runner"": ""py_sdk_evaluate"", ""example_version"": ""2026-04-11T14:27:47.469735+00:00"", ""ls_example_dataset_split"": [""dev""], ""ls_example_partition"": ""dev-0"", ""ls_example_source"": ""kleister-nda"", ""ls_method"": ""traceable"", ""ls_run_depth"": 0, ""modality"": ""text"", ""model_name"": ""gpt"", ""num_repetitions"": 1, ""revision_id"": ""dc70dde"", ""strategy"": ""single_pass""}, ""runtime"": {""langchain_core_version"": ""1.2.28"", ""langchain_version"": ""1.2.15"", ""library"": ""langsmith"", ""platform"": ""macOS-26.4-arm64-arm-64bit-Mach-O"", ""py_implementation"": ""CPython"", ""runtime"": ""python"", ""runtime_version"": ""3.13.12"", ""sdk"": ""langsmith-py"", ""sdk_version"": ""0.7.30""}}, ""run_type"": ""chain"", ""id"": ""019d7e0d-6257-7c83-a855-c906dd5604d9"", ""status"": ""success""}",success,,0.8875019550323486,4609,0.003663,0.0,0.625,1.0,0.5,1.0,0.75,1.0,1.0,1.0
26fecd18-21d3-58bc-be31-051946da3248,"{""document_id"": ""12fe8459ce606334afe537b24f476fa2.pdf""}","{""term"": null, ""party"": [{""name"": ""Financial_Northwest_Inc.""}, {""name"": ""Spencer_L._Schneider""}, {""name"": ""Stilwell_Group""}], ""jurisdiction"": ""Washington"", ""effective_date"": ""2012-01-11""}",gpt-lite-single_pass-text-e2642fb3,1,"{""_char_count"": 6603, ""_page_count"": 3, ""effective_date"": ""2012-01-11"", ""jurisdiction"": ""Washington"", ""party"": [{""name"": ""First_Financial_Northwest_Inc.""}, {""name"": ""Stilwell_Associates_L.P.""}, {""name"": ""Stilwell_Partners_L.P.""}, {""name"": ""Stilwell_Value_Partners_II_L.P.""}, {""name"": ""Stilwell_Value_Partners_VI_L.P.""}, {""name"": ""Stilwell_Value_Partners_VII_L.P.""}, {""name"": ""Stilwell_Value_LLC.""}, {""name"": ""Stilwell_Associates_Insurance_Fund_of_The_S.A.L.I._Multi-Series_Fund_L.P.""}, {""name"": ""Stilwell_Advisers_LLC.""}, {""name"": ""Joseph_Stilwell""}, {""name"": ""Spencer_L._Schneider""}], ""term"": null}","{""inputs"": {""document_id"": ""12fe8459ce606334afe537b24f476fa2.pdf""}, ""outputs"": {""_char_count"": 6603, ""_page_count"": 3, ""effective_date"": ""2012-01-11"", ""jurisdiction"": ""Washington"", ""party"": [{""name"": ""First_Financial_Northwest_Inc.""}, {""name"": ""Stilwell_Associates_L.P.""}, {""name"": ""Stilwell_Partners_L.P.""}, {""name"": ""Stilwell_Value_Partners_II_L.P.""}, {""name"": ""Stilwell_Value_Partners_VI_L.P.""}, {""name"": ""Stilwell_Value_Partners_VII_L.P.""}, {""name"": ""Stilwell_Value_LLC.""}, {""name"": ""Stilwell_Associates_Insurance_Fund_of_The_S.A.L.I._Multi-Series_Fund_L.P.""}, {""name"": ""Stilwell_Advisers_LLC.""}, {""name"": ""Joseph_Stilwell""}, {""name"": ""Spencer_L._Schneider""}], ""term"": null}, ""session_id"": ""d64bc366-59fa-46dc-bfef-ebfff4ead222"", ""error"": null, ""extra"": {""metadata"": {""LANGSMITH_ENDPOINT"": ""https://api.smith.langchain.com"", ""LANGSMITH_PROJECT"": ""agentic-kie-evals"", ""LANGSMITH_TRACING"": ""true"", ""__ls_runner"": ""py_sdk_evaluate"", ""example_version"": ""2026-04-11T14:27:42.293905+00:00"", ""ls_example_dataset_split"": [""dev""], ""ls_example_partition"": ""dev-0"", ""ls_example_source"": ""kleister-nda"", ""ls_method"": ""traceable"", ""ls_run_depth"": 0, ""modality"": ""text"", ""model_name"": ""gpt"", ""num_repetitions"": 1, ""revision_id"": ""dc70dde"", ""strategy"": ""single_pass""}, ""runtime"": {""langchain_core_version"": ""1.2.28"", ""langchain_version"": ""1.2.15"", ""library"": ""langsmith"", ""platform"": ""macOS-26.4-arm64-arm-64bit-Mach-O"", ""py_implementation"": ""CPython"", ""runtime"": ""python"", ""runtime_version"": ""3.13.12"", ""sdk"": ""langsmith-py"", ""sdk_version"": ""0.7.30""}}, ""run_type"": ""chain"", ""id"": ""019d7e0d-e104-7be0-a589-664bfad8c48e"", ""status"": ""success""}",success,,1.451097011566162,2251,0.00238575,1.0,0.7857,1.0,0.1429,1.0,0.8214,1.0,0.2857,1.0
2b2583c1-2577-5224-911e-5f7a2c292c35,"{""document_id"": ""809abb3273c6043d409ec5440de965d5.pdf""}","{""term"": ""3_years"", ""party"": [{""name"": ""Hid_Global_Corporation""}, {""name"": ""Lasercard_Corporation""}], ""jurisdiction"": ""Delaware"", ""effective_date"": ""2009-11-06""}",gpt-lite-single_pass-text-e2642fb3,1,"{""_char_count"": 26512, ""_page_count"": 7, ""effective_date"": ""2009-11-06"", ""jurisdiction"": ""Delaware"", ""party"": [{""name"": ""LASERCARD_CORPORATION""}, {""name"": ""HID_GLOBAL_CORPORATION""}], ""term"": ""3_years""}","{""inputs"": {""document_id"": ""809abb3273c6043d409ec5440de965d5.pdf""}, ""outputs"": {""_char_count"": 26512, ""_page_count"": 7, ""effective_date"": ""2009-11-06"", ""jurisdiction"": ""Delaware"", ""party"": [{""name"": ""LASERCARD_CORPORATION""}, {""name"": ""HID_GLOBAL_CORPORATION""}], ""term"": ""3_years""}, ""session_id"": ""d64bc366-59fa-46dc-bfef-ebfff4ead222"", ""error"": null, ""extra"": {""metadata"": {""LANGSMITH_ENDPOINT"": ""https://api.smith.langchain.com"", ""LANGSMITH_PROJECT"": ""agentic-kie-evals"", ""LANGSMITH_TRACING"": ""true"", ""__ls_runner"": ""py_sdk_evaluate"", ""example_version"": ""2026-04-11T14:27:47.469735+00:00"", ""ls_example_dataset_split"": [""dev""], ""ls_example_partition"": ""dev-0"", ""ls_example_source"": ""kleister-nda"", ""ls_method"": ""traceable"", ""ls_run_depth"": 0, ""modality"": ""text"", ""model_name"": ""gpt"", ""num_repetitions"": 1, ""revision_id"": ""dc70dde"", ""strategy"": ""single_pass""}, ""runtime"": {""langchain_core_version"": ""1.2.28"", ""langchain_version"": ""1.2.15"", ""library"": ""langsmith"", ""platform"": ""macOS-26.4-arm64-arm-64bit-Mach-O"", ""py_implementation"": ""CPython"", ""runtime"": ""python"", ""runtime_version"": ""3.13.12"", ""sdk"": ""langsmith-py"", ""sdk_version"": ""0.7.30""}}, ""run_type"": ""chain"", ""id"": ""019d7e0d-656d-7a60-b146-e4c0433282d5"", ""status"": ""success""}",success,,1.2123441696166992,5876,0.004602,1.0,1.0,1.0,1.0,1.0,1.0,1.0,1.0,1.0
2eb7f562-d90c-5519-95dc-c436d31805bf,"{""document_id"": ""e31676b3fba3d474985f08fef9bfaf03.pdf""}","{""term"": null, ""party"": [{""name"": ""Microsoft_Corporation""}, {""name"": ""Digital_River_Inc.""}], ""jurisdiction"": ""Washington"", ""effective_date"": ""2006-09-01""}",gpt-lite-single_pass-text-e2642fb3,1,"{""_char_count"": 11658, ""_page_count"": 3, ""effective_date"": ""2006-09-01"", ""jurisdiction"": ""Washington"", ""party"": [{""name"": ""MICROSOFT_CORPORATION""}, {""name"": ""Digital_River_Inc.""}], ""term"": null}","{""inputs"": {""document_id"": ""e31676b3fba3d474985f08fef9bfaf03.pdf""}, ""outputs"": {""_char_count"": 11658, ""_page_count"": 3, ""effective_date"": ""2006-09-01"", ""jurisdiction"": ""Washington"", ""party"": [{""name"": ""MICROSOFT_CORPORATION""}, {""name"": ""Digital_River_Inc.""}], ""term"": null}, ""session_id"": ""d64bc366-59fa-46dc-bfef-ebfff4ead222"", ""error"": null, ""extra"": {""metadata"": {""LANGSMITH_ENDPOINT"": ""https://api.smith.langchain.com"", ""LANGSMITH_PROJECT"": ""agentic-kie-evals"", ""LANGSMITH_TRACING"": ""true"", ""__ls_runner"": ""py_sdk_evaluate"", ""example_version"": ""2026-04-11T14:27:50.429277+00:00"", ""ls_example_dataset_split"": [""dev""], ""ls_example_partition"": ""dev-0"", ""ls_example_source"": ""kleister-nda"", ""ls_method"": ""traceable"", ""ls_run_depth"": 0, ""modality"": ""text"", ""model_name"": ""gpt"", ""num_repetitions"": 1, ""revision_id"": ""dc70dde"", ""strategy"": ""single_pass""}, ""runtime"": {""langchain_core_version"": ""1.2.28"", ""langchain_version"": ""1.2.15"", ""library"": ""langsmith"", ""platform"": ""macOS-26.4-arm64-arm-64bit-Mach-O"", ""py_implementation"": ""CPython"", ""runtime"": ""python"", ""runtime_version"": ""3.13.12"", ""sdk"": ""langsmith-py"", ""sdk_version"": ""0.7.30""}}, ""run_type"": ""chain"", ""id"": ""019d7e0d-42f6-7671-8f52-1d011a13749f"", ""status"": ""success""}",success,,1.2475109100341797,2972,0.0024165,1.0,1.0,1.0,1.0,1.0,1.0,1.0,1.0,1.0
35e14c46-ecc8-54ef-841d-77c1d5e98ad5,"{""document_id"": ""af344c9a1d0fc128bcab1737a6b7d0ec.pdf""}","{""term"": null, ""party"": [{""name"": ""Life_Technologies_Corporation""}, {""name"": ""Bernd_Brust""}], ""jurisdiction"": ""California"", ""effective_date"": ""2011-11-01""}",gpt-lite-single_pass-text-e2642fb3,1,"{""_char_count"": 24277, ""_page_count"": 7, ""effective_date"": ""2011-11-01"", ""jurisdiction"": ""California"", ""party"": [{""name"": ""Life_Technologies_Corporation""}, {""name"": ""Bernd_Brust""}], ""term"": null}","{""inputs"": {""document_id"": ""af344c9a1d0fc128bcab1737a6b7d0ec.pdf""}, ""outputs"": {""_char_count"": 24277, ""_page_count"": 7, ""effective_date"": ""2011-11-01"", ""jurisdiction"": ""California"", ""party"": [{""name"": ""Life_Technologies_Corporation""}, {""name"": ""Bernd_Brust""}], ""term"": null}, ""session_id"": ""d64bc366-59fa-46dc-bfef-ebfff4ead222"", ""error"": null, ""extra"": {""metadata"": {""LANGSMITH_ENDPOINT"": ""https://api.smith.langchain.com"", ""LANGSMITH_PROJECT"": ""agentic-kie-evals"", ""LANGSMITH_TRACING"": ""true"", ""__ls_runner"": ""py_sdk_evaluate"", ""example_version"": ""2026-04-11T14:27:47.469735+00:00"", ""ls_example_dataset_split"": [""dev""], ""ls_example_partition"": ""dev-0"", ""ls_example_source"": ""kleister-nda"", ""ls_method"": ""traceable"", ""ls_run_depth"": 0, ""modality"": ""text"", ""model_name"": ""gpt"", ""num_repetitions"": 1, ""revision_id"": ""dc70dde"", ""strategy"": ""single_pass""}, ""runtime"": {""langchain_core_version"": ""1.2.28"", ""langchain_version"": ""1.2.15"", ""library"": ""langsmith"", ""platform"": ""macOS-26.4-arm64-arm-64bit-Mach-O"", ""py_implementation"": ""CPython"", ""runtime"": ""python"", ""runtime_version"": ""3.13.12"", ""sdk"": ""langsmith-py"", ""sdk_version"": ""0.7.30""}}, ""run_type"": ""chain"", ""id"": ""019d7e0d-65ce-7932-899d-e054abc6d34e"", ""status"": ""success""}",success,,1.3369369506835938,5563,0.0043785,1.0,1.0,1.0,1.0,1.0,1.0,1.0,1.0,1.0
377da1c0-3bfb-5842-a9e3-ae3710a405c6,"{""document_id"": ""65b49db954428a2000d96815b1fcb033.pdf""}","{""term"": null, ""party"": [{""name"": ""Hi-Tex_Inc.""}, {""name"": ""Quaker_Fabric_Corporation_Of_Fall_River""}], ""jurisdiction"": ""Michigan"", ""effective_date"": null}",gpt-lite-single_pass-text-e2642fb3,1,"{""_char_count"": 6845, ""_page_count"": 2, ""effective_date"": null, ""jurisdiction"": null, ""party"": [{""name"": ""HI-TEX_INC.""}, {""name"": ""QUAKER_FABRIC_CORPORATION_OF_FALL_RIVER""}], ""term"": null}","{""inputs"": {""document_id"": ""65b49db954428a2000d96815b1fcb033.pdf""}, ""outputs"": {""_char_count"": 6845, ""_page_count"": 2, ""effective_date"": null, ""jurisdiction"": null, ""party"": [{""name"": ""HI-TEX_INC.""}, {""name"": ""QUAKER_FABRIC_CORPORATION_OF_FALL_RIVER""}], ""term"": null}, ""session_id"": ""d64bc366-59fa-46dc-bfef-ebfff4ead222"", ""error"": null, ""extra"": {""metadata"": {""LANGSMITH_ENDPOINT"": ""https://api.smith.langchain.com"", ""LANGSMITH_PROJECT"": ""agentic-kie-evals"", ""LANGSMITH_TRACING"": ""true"", ""__ls_runner"": ""py_sdk_evaluate"", ""example_version"": ""2026-04-11T14:27:44.810791+00:00"", ""ls_example_dataset_split"": [""dev""], ""ls_example_partition"": ""dev-0"", ""ls_example_source"": ""kleister-nda"", ""ls_method"": ""traceable"", ""ls_run_depth"": 0, ""modality"": ""text"", ""model_name"": ""gpt"", ""num_repetitions"": 1, ""revision_id"": ""dc70dde"", ""strategy"": ""single_pass""}, ""runtime"": {""langchain_core_version"": ""1.2.28"", ""langchain_version"": ""1.2.15"", ""library"": ""langsmith"", ""platform"": ""macOS-26.4-arm64-arm-64bit-Mach-O"", ""py_implementation"": ""CPython"", ""runtime"": ""python"", ""runtime_version"": ""3.13.12"", ""sdk"": ""langsmith-py"", ""sdk_version"": ""0.7.30""}}, ""run_type"": ""chain"", ""id"": ""019d7e0d-94b4-71a2-b16d-3e514d7fda74"", ""status"": ""success""}",success,,0.8834230899810791,2056,0.00173325,1.0,0.75,0.0,1.0,1.0,0.75,0.0,1.0,1.0
38142082-e0fb-540c-b4aa-eb008f83caad,"{""document_id"": ""7d0609e79512805f21a1c96ed751dd56.pdf""}","{""term"": null, ""party"": [{""name"": ""Flexsteel_Industries_Inc.""}, {""name"": ""Dmi_Furniture_Inc.""}], ""jurisdiction"": ""Minnesota"", ""effective_date"": ""2003-05-14""}",gpt-lite-single_pass-text-e2642fb3,1,"{""_char_count"": 6823, ""_page_count"": 3, ""effective_date"": ""2003-05-14"", ""jurisdiction"": ""Minnesota"", ""party"": [{""name"": ""Flexsteel_Industries_Inc.""}, {""name"": ""DMI_Furniture_Inc.""}], ""term"": ""2_years""}","{""inputs"": {""document_id"": ""7d0609e79512805f21a1c96ed751dd56.pdf""}, ""outputs"": {""_char_count"": 6823, ""_page_count"": 3, ""effective_date"": ""2003-05-14"", ""jurisdiction"": ""Minnesota"", ""party"": [{""name"": ""Flexsteel_Industries_Inc.""}, {""name"": ""DMI_Furniture_Inc.""}], ""term"": ""2_years""}, ""session_id"": ""d64bc366-59fa-46dc-bfef-ebfff4ead222"", ""error"": null, ""extra"": {""metadata"": {""LANGSMITH_ENDPOINT"": ""https://api.smith.langchain.com"", ""LANGSMITH_PROJECT"": ""agentic-kie-evals"", ""LANGSMITH_TRACING"": ""true"", ""__ls_runner"": ""py_sdk_evaluate"", ""example_version"": ""2026-04-11T14:27:47.469735+00:00"", ""ls_example_dataset_split"": [""dev""], ""ls_example_partition"": ""dev-0"", ""ls_example_source"": ""kleister-nda"", ""ls_method"": ""traceable"", ""ls_run_depth"": 0, ""modality"": ""text"", ""model_name"": ""gpt"", ""num_repetitions"": 1, ""revision_id"": ""dc70dde"", ""strategy"": ""single_pass""}, ""runtime"": {""langchain_core_version"": ""1.2.28"", ""langchain_version"": ""1.2.15"", ""library"": ""langsmith"", ""platform"": ""macOS-26.4-arm64-arm-64bit-Mach-O"", ""py_implementation"": ""CPython"", ""runtime"": ""python"", ""runtime_version"": ""3.13.12"", ""sdk"": ""langsmith-py"", ""sdk_version"": ""0.7.30""}}, ""run_type"": ""chain"", ""id"": ""019d7e0d-69ef-76b0-a1b5-5e8d61695433"", ""status"": ""success""}",success,,0.9092869758605957,2076,0.00176325,1.0,0.75,1.0,1.0,0.0,0.75,1.0,1.0,0.0
383f2457-cef1-5629-aaa3-dc9ae4f7705c,"{""document_id"": ""762b493ffbbb2eeaa53b4acb586ba2f8.pdf""}","{""term"": ""12_months"", ""party"": [{""name"": ""Opsware_Inc.""}, {""name"": ""Hewlett-Packard_Company""}], ""jurisdiction"": ""Delaware"", ""effective_date"": ""2007-05-09""}",gpt-lite-single_pass-text-e2642fb3,1,"{""_char_count"": 21536, ""_page_count"": 6, ""effective_date"": ""2007-05-09"", ""jurisdiction"": ""Delaware"", ""party"": [{""name"": ""Opsware_Inc.""}, {""name"": ""Hewlett-Packard_Company""}], ""term"": ""12_months""}","{""inputs"": {""document_id"": ""762b493ffbbb2eeaa53b4acb586ba2f8.pdf""}, ""outputs"": {""_char_count"": 21536, ""_page_count"": 6, ""effective_date"": ""2007-05-09"", ""jurisdiction"": ""Delaware"", ""party"": [{""name"": ""Opsware_Inc.""}, {""name"": ""Hewlett-Packard_Company""}], ""term"": ""12_months""}, ""session_id"": ""d64bc366-59fa-46dc-bfef-ebfff4ead222"", ""error"": null, ""extra"": {""metadata"": {""LANGSMITH_ENDPOINT"": ""https://api.smith.langchain.com"", ""LANGSMITH_PROJECT"": ""agentic-kie-evals"", ""LANGSMITH_TRACING"": ""true"", ""__ls_runner"": ""py_sdk_evaluate"", ""example_version"": ""2026-04-11T14:27:47.469735+00:00"", ""ls_example_dataset_split"": [""dev""], ""ls_example_partition"": ""dev-0"", ""ls_example_source"": ""kleister-nda"", ""ls_method"": ""traceable"", ""ls_run_depth"": 0, ""modality"": ""text"", ""model_name"": ""gpt"", ""num_repetitions"": 1, ""revision_id"": ""dc70dde"", ""strategy"": ""single_pass""}, ""runtime"": {""langchain_core_version"": ""1.2.28"", ""langchain_version"": ""1.2.15"", ""library"": ""langsmith"", ""platform"": ""macOS-26.4-arm64-arm-64bit-Mach-O"", ""py_implementation"": ""CPython"", ""runtime"": ""python"", ""runtime_version"": ""3.13.12"", ""sdk"": ""langsmith-py"", ""sdk_version"": ""0.7.30""}}, ""run_type"": ""chain"", ""id"": ""019d7e0d-6a29-7db2-811a-d378e0c1232e"", ""status"": ""success""}",success,,1.0646610260009766,5055,0.00398625,1.0,1.0,1.0,1.0,1.0,1.0,1.0,1.0,1.0
38e167f5-6d47-5890-beae-69c2b4f5787c,"{""document_id"": ""715f780df436bd9bf4cd8d0883087bf5.pdf""}","{""term"": null, ""party"": [{""name"": ""New_England_Business_Service_Inc.""}, {""name"": ""Premium_Wear_Inc.""}], ""jurisdiction"": ""Minnesota"", ""effective_date"": ""2000-02-10""}",gpt-lite-single_pass-text-e2642fb3,1,"{""_char_count"": 8960, ""_page_count"": 2, ""effective_date"": ""2000-02-10"", ""jurisdiction"": ""Minnesota"", ""party"": [{""name"": ""New_England_Business_Service_Inc.""}, {""name"": ""Premium_Wear_Inc.""}], ""term"": null}","{""inputs"": {""document_id"": ""715f780df436bd9bf4cd8d0883087bf5.pdf""}, ""outputs"": {""_char_count"": 8960, ""_page_count"": 2, ""effective_date"": ""2000-02-10"", ""jurisdiction"": ""Minnesota"", ""party"": [{""name"": ""New_England_Business_Service_Inc.""}, {""name"": ""Premium_Wear_Inc.""}], ""term"": null}, ""session_id"": ""d64bc366-59fa-46dc-bfef-ebfff4ead222"", ""error"": null, ""extra"": {""metadata"": {""LANGSMITH_ENDPOINT"": ""https://api.smith.langchain.com"", ""LANGSMITH_PROJECT"": ""agentic-kie-evals"", ""LANGSMITH_TRACING"": ""true"", ""__ls_runner"": ""py_sdk_evaluate"", ""example_version"": ""2026-04-11T14:27:47.469735+00:00"", ""ls_example_dataset_split"": [""dev""], ""ls_example_partition"": ""dev-0"", ""ls_example_source"": ""kleister-nda"", ""ls_method"": ""traceable"", ""ls_run_depth"": 0, ""modality"": ""text"", ""model_name"": ""gpt"", ""num_repetitions"": 1, ""revision_id"": ""dc70dde"", ""strategy"": ""single_pass""}, ""runtime"": {""langchain_core_version"": ""1.2.28"", ""langchain_version"": ""1.2.15"", ""library"": ""langsmith"", ""platform"": ""macOS-26.4-arm64-arm-64bit-Mach-O"", ""py_implementation"": ""CPython"", ""runtime"": ""python"", ""runtime_version"": ""3.13.12"", ""sdk"": ""langsmith-py"", ""sdk_version"": ""0.7.30""}}, ""run_type"": ""chain"", ""id"": ""019d7e0d-6b08-7252-ba56-bc96e6f583bb"", ""status"": ""success""}",success,,0.8131659030914307,2466,0.00204825,1.0,1.0,1.0,1.0,1.0,1.0,1.0,1.0,1.0
3f1ccadc-7f37-5852-8c10-9eeb3eb1eef3,"{""document_id"": ""65ad3d6fa2814b1e1f6b87f56b398086.pdf""}","{""term"": null, ""party"": [{""name"": ""Fifth_Third_Processing_Solutions_LLC""}], ""jurisdiction"": ""Ohio"", ""effective_date"": null}",gpt-lite-single_pass-text-e2642fb3,1,"{""_char_count"": 16189, ""_page_count"": 4, ""effective_date"": null, ""jurisdiction"": ""Ohio"", ""party"": [{""name"": ""Fifth_Third_Processing_Solutions_LLC""}, {""name"": ""Employee""}], ""term"": null}","{""inputs"": {""document_id"": ""65ad3d6fa2814b1e1f6b87f56b398086.pdf""}, ""outputs"": {""_char_count"": 16189, ""_page_count"": 4, ""effective_date"": null, ""jurisdiction"": ""Ohio"", ""party"": [{""name"": ""Fifth_Third_Processing_Solutions_LLC""}, {""name"": ""Employee""}], ""term"": null}, ""session_id"": ""d64bc366-59fa-46dc-bfef-ebfff4ead222"", ""error"": null, ""extra"": {""metadata"": {""LANGSMITH_ENDPOINT"": ""https://api.smith.langchain.com"", ""LANGSMITH_PROJECT"": ""agentic-kie-evals"", ""LANGSMITH_TRACING"": ""true"", ""__ls_runner"": ""py_sdk_evaluate"", ""example_version"": ""2026-04-11T14:27:44.810791+00:00"", ""ls_example_dataset_split"": [""dev""], ""ls_example_partition"": ""dev-0"", ""ls_example_source"": ""kleister-nda"", ""ls_method"": ""traceable"", ""ls_run_depth"": 0, ""modality"": ""text"", ""model_name"": ""gpt"", ""num_repetitions"": 1, ""revision_id"": ""dc70dde"", ""strategy"": ""single_pass""}, ""runtime"": {""langchain_core_version"": ""1.2.28"", ""langchain_version"": ""1.2.15"", ""library"": ""langsmith"", ""platform"": ""macOS-26.4-arm64-arm-64bit-Mach-O"", ""py_implementation"": ""CPython"", ""runtime"": ""python"", ""runtime_version"": ""3.13.12"", ""sdk"": ""langsmith-py"", ""sdk_version"": ""0.7.30""}}, ""run_type"": ""chain"", ""id"": ""019d7e0d-9827-7a71-b92c-1856617611fb"", ""status"": ""success""}",success,,1.072972059249878,3821,0.00303075,1.0,0.9167,1.0,0.6667,1.0,0.9167,1.0,0.6667,1.0
3fd374f6-4dcd-5256-9dd7-42efc4bd3e1f,"{""document_id"": ""804dff42b6476d157f86d35b89a6e48b.pdf""}","{""term"": ""10_years"", ""party"": [{""name"": ""Algorx_Pharmaceuticals_Inc.""}], ""jurisdiction"": ""New_Jersey"", ""effective_date"": null}",gpt-lite-single_pass-text-e2642fb3,1,"{""_char_count"": 8160, ""_page_count"": 2, ""effective_date"": null, ""jurisdiction"": ""New_Jersey"", ""party"": [{""name"": ""AlgoRx_Pharmaceuticals_Inc.""}], ""term"": ""10_years""}","{""inputs"": {""document_id"": ""804dff42b6476d157f86d35b89a6e48b.pdf""}, ""outputs"": {""_char_count"": 8160, ""_page_count"": 2, ""effective_date"": null, ""jurisdiction"": ""New_Jersey"", ""party"": [{""name"": ""AlgoRx_Pharmaceuticals_Inc.""}], ""term"": ""10_years""}, ""session_id"": ""d64bc366-59fa-46dc-bfef-ebfff4ead222"", ""error"": null, ""extra"": {""metadata"": {""LANGSMITH_ENDPOINT"": ""https://api.smith.langchain.com"", ""LANGSMITH_PROJECT"": ""agentic-kie-evals"", ""LANGSMITH_TRACING"": ""true"", ""__ls_runner"": ""py_sdk_evaluate"", ""example_version"": ""2026-04-11T14:27:47.469735+00:00"", ""ls_example_dataset_split"": [""dev""], ""ls_example_partition"": ""dev-0"", ""ls_example_source"": ""kleister-nda"", ""ls_method"": ""traceable"", ""ls_run_depth"": 0, ""modality"": ""text"", ""model_name"": ""gpt"", ""num_repetitions"": 1, ""revision_id"": ""dc70dde"", ""strategy"": ""single_pass""}, ""runtime"": {""langchain_core_version"": ""1.2.28"", ""langchain_version"": ""1.2.15"", ""library"": ""langsmith"", ""platform"": ""macOS-26.4-arm64-arm-64bit-Mach-O"", ""py_implementation"": ""CPython"", ""runtime"": ""python"", ""runtime_version"": ""3.13.12"", ""sdk"": ""langsmith-py"", ""sdk_version"": ""0.7.30""}}, ""run_type"": ""chain"", ""id"": ""019d7e0d-6d7d-7e70-9dc5-23264ede7c1b"", ""status"": ""success""}",success,,0.892388105392456,2194,0.001803,1.0,1.0,1.0,1.0,1.0,1.0,1.0,1.0,1.0
438cc594-3f18-5d04-88e9-e9d72e1d4329,"{""document_id"": ""d908ff8d69096e5f441e6c05144de7c7.pdf""}","{""term"": null, ""party"": [{""name"": ""Gigoptix_LLC""}, {""name"": ""Avi_Katz""}], ""jurisdiction"": ""California"", ""effective_date"": ""2008-01-01""}",gpt-lite-single_pass-text-e2642fb3,1,"{""_char_count"": 44237, ""_page_count"": 16, ""effective_date"": ""2008-01-01"", ""jurisdiction"": ""California"", ""party"": [{""name"": ""GigOptix_LLC""}, {""name"": ""Avi_Katz""}], ""term"": null}","{""inputs"": {""document_id"": ""d908ff8d69096e5f441e6c05144de7c7.pdf""}, ""outputs"": {""_char_count"": 44237, ""_page_count"": 16, ""effective_date"": ""2008-01-01"", ""jurisdiction"": ""California"", ""party"": [{""name"": ""GigOptix_LLC""}, {""name"": ""Avi_Katz""}], ""term"": null}, ""session_id"": ""d64bc366-59fa-46dc-bfef-ebfff4ead222"", ""error"": null, ""extra"": {""metadata"": {""LANGSMITH_ENDPOINT"": ""https://api.smith.langchain.com"", ""LANGSMITH_PROJECT"": ""agentic-kie-evals"", ""LANGSMITH_TRACING"": ""true"", ""__ls_runner"": ""py_sdk_evaluate"", ""example_version"": ""2026-04-11T14:27:50.429277+00:00"", ""ls_example_dataset_split"": [""dev""], ""ls_example_partition"": ""dev-0"", ""ls_example_source"": ""kleister-nda"", ""ls_method"": ""traceable"", ""ls_run_depth"": 0, ""modality"": ""text"", ""model_name"": ""gpt"", ""num_repetitions"": 1, ""revision_id"": ""dc70dde"", ""strategy"": ""single_pass""}, ""runtime"": {""langchain_core_version"": ""1.2.28"", ""langchain_version"": ""1.2.15"", ""library"": ""langsmith"", ""platform"": ""macOS-26.4-arm64-arm-64bit-Mach-O"", ""py_implementation"": ""CPython"", ""runtime"": ""python"", ""runtime_version"": ""3.13.12"", ""sdk"": ""langsmith-py"", ""sdk_version"": ""0.7.30""}}, ""run_type"": ""chain"", ""id"": ""019d7e0d-4362-7f21-80b7-54eb41fe9635"", ""status"": ""success""}",success,,1.4108200073242188,9629,0.00741675,1.0,1.0,1.0,1.0,1.0,1.0,1.0,1.0,1.0
47997c6d-f2eb-55d2-98f1-ebc420de567f,"{""document_id"": ""43568120ee0987b6dc67d4cf0f5b4802.pdf""}","{""term"": ""2_years"", ""party"": [{""name"": ""Penumbra_Inc.""}], ""jurisdiction"": ""California"", ""effective_date"": null}",gpt-lite-single_pass-text-e2642fb3,1,"{""_char_count"": 11733, ""_page_count"": 4, ""effective_date"": ""2015-09-30"", ""jurisdiction"": ""California"", ""party"": [{""name"": ""Penumbra_Inc.""}, {""name"": ""Xxxxxx""}], ""term"": ""2_years""}","{""inputs"": {""document_id"": ""43568120ee0987b6dc67d4cf0f5b4802.pdf""}, ""outputs"": {""_char_count"": 11733, ""_page_count"": 4, ""effective_date"": ""2015-09-30"", ""jurisdiction"": ""California"", ""party"": [{""name"": ""Penumbra_Inc.""}, {""name"": ""Xxxxxx""}], ""term"": ""2_years""}, ""session_id"": ""d64bc366-59fa-46dc-bfef-ebfff4ead222"", ""error"": null, ""extra"": {""metadata"": {""LANGSMITH_ENDPOINT"": ""https://api.smith.langchain.com"", ""LANGSMITH_PROJECT"": ""agentic-kie-evals"", ""LANGSMITH_TRACING"": ""true"", ""__ls_runner"": ""py_sdk_evaluate"", ""example_version"": ""2026-04-11T14:27:42.293905+00:00"", ""ls_example_dataset_split"": [""dev""], ""ls_example_partition"": ""dev-0"", ""ls_example_source"": ""kleister-nda"", ""ls_method"": ""traceable"", ""ls_run_depth"": 0, ""modality"": ""text"", ""model_name"": ""gpt"", ""num_repetitions"": 1, ""revision_id"": ""dc70dde"", ""strategy"": ""single_pass""}, ""runtime"": {""langchain_core_version"": ""1.2.28"", ""langchain_version"": ""1.2.15"", ""library"": ""langsmith"", ""platform"": ""macOS-26.4-arm64-arm-64bit-Mach-O"", ""py_implementation"": ""CPython"", ""runtime"": ""python"", ""runtime_version"": ""3.13.12"", ""sdk"": ""langsmith-py"", ""sdk_version"": ""0.7.30""}}, ""run_type"": ""chain"", ""id"": ""019d7e0d-e353-7553-9f53-5dde001cbe85"", ""status"": ""success""}",success,,4.186644077301025,2971,0.0005037,0.0,0.6667,1.0,0.6667,1.0,0.6667,1.0,0.6667,1.0
4b3172b9-91ac-5648-a398-fd21270c07a8,"{""document_id"": ""98139c00032e1383c5576cf950f29bff.pdf""}","{""term"": null, ""party"": [{""name"": ""Acumed_Inc.""}, {""name"": ""Medex_Surgical""}], ""jurisdiction"": ""Oregon"", ""effective_date"": ""1999-03-16""}",gpt-lite-single_pass-text-e2642fb3,1,"{""_char_count"": 5124, ""_page_count"": 1, ""effective_date"": ""1999-03-16"", ""jurisdiction"": ""Oregon"", ""party"": [{""name"": ""ACUMED_INC.""}, {""name"": ""MEDEX_SURGICAL""}], ""term"": null}","{""inputs"": {""document_id"": ""98139c00032e1383c5576cf950f29bff.pdf""}, ""outputs"": {""_char_count"": 5124, ""_page_count"": 1, ""effective_date"": ""1999-03-16"", ""jurisdiction"": ""Oregon"", ""party"": [{""name"": ""ACUMED_INC.""}, {""name"": ""MEDEX_SURGICAL""}], ""term"": null}, ""session_id"": ""d64bc366-59fa-46dc-bfef-ebfff4ead222"", ""error"": null, ""extra"": {""metadata"": {""LANGSMITH_ENDPOINT"": ""https://api.smith.langchain.com"", ""LANGSMITH_PROJECT"": ""agentic-kie-evals"", ""LANGSMITH_TRACING"": ""true"", ""__ls_runner"": ""py_sdk_evaluate"", ""example_version"": ""2026-04-11T14:27:47.469735+00:00"", ""ls_example_dataset_split"": [""dev""], ""ls_example_partition"": ""dev-0"", ""ls_example_source"": ""kleister-nda"", ""ls_method"": ""traceable"", ""ls_run_depth"": 0, ""modality"": ""text"", ""model_name"": ""gpt"", ""num_repetitions"": 1, ""revision_id"": ""dc70dde"", ""strategy"": ""single_pass""}, ""runtime"": {""langchain_core_version"": ""1.2.28"", ""langchain_version"": ""1.2.15"", ""library"": ""langsmith"", ""platform"": ""macOS-26.4-arm64-arm-64bit-Mach-O"", ""py_implementation"": ""CPython"", ""runtime"": ""python"", ""runtime_version"": ""3.13.12"", ""sdk"": ""langsmith-py"", ""sdk_version"": ""0.7.30""}}, ""run_type"": ""chain"", ""id"": ""019d7e0d-6e35-7d90-ab90-23ad1fc51894"", ""status"": ""success""}",success,,12.14372205734253,1674,0.00057525,1.0,1.0,1.0,1.0,1.0,1.0,1.0,1.0,1.0
4e64be01-9cf7-5628-8a95-24434ff95ac1,"{""document_id"": ""2572bba862c654e665039f634c132fea.pdf""}","{""term"": null, ""party"": [{""name"": ""Anadigics_Inc.""}, {""name"": ""Ii-Vi_Inc.""}], ""jurisdiction"": null, ""effective_date"": ""2015-12-11""}",gpt-lite-single_pass-text-e2642fb3,1,"{""_char_count"": 5705, ""_page_count"": 5, ""effective_date"": ""2015-12-11"", ""jurisdiction"": null, ""party"": [{""name"": ""Anadigics_Inc.""}, {""name"": ""II-VI_Incorporated""}], ""term"": null}","{""inputs"": {""document_id"": ""2572bba862c654e665039f634c132fea.pdf""}, ""outputs"": {""_char_count"": 5705, ""_page_count"": 5, ""effective_date"": ""2015-12-11"", ""jurisdiction"": null, ""party"": [{""name"": ""Anadigics_Inc.""}, {""name"": ""II-VI_Incorporated""}], ""term"": null}, ""session_id"": ""d64bc366-59fa-46dc-bfef-ebfff4ead222"", ""error"": null, ""extra"": {""metadata"": {""LANGSMITH_ENDPOINT"": ""https://api.smith.langchain.com"", ""LANGSMITH_PROJECT"": ""agentic-kie-evals"", ""LANGSMITH_TRACING"": ""true"", ""__ls_runner"": ""py_sdk_evaluate"", ""example_version"": ""2026-04-11T14:27:42.293905+00:00"", ""ls_example_dataset_split"": [""dev""], ""ls_example_partition"": ""dev-0"", ""ls_example_source"": ""kleister-nda"", ""ls_method"": ""traceable"", ""ls_run_depth"": 0, ""modality"": ""text"", ""model_name"": ""gpt"", ""num_repetitions"": 1, ""revision_id"": ""dc70dde"", ""strategy"": ""single_pass""}, ""runtime"": {""langchain_core_version"": ""1.2.28"", ""langchain_version"": ""1.2.15"", ""library"": ""langsmith"", ""platform"": ""macOS-26.4-arm64-arm-64bit-Mach-O"", ""py_implementation"": ""CPython"", ""runtime"": ""python"", ""runtime_version"": ""3.13.12"", ""sdk"": ""langsmith-py"", ""sdk_version"": ""0.7.30""}}, ""run_type"": ""chain"", ""id"": ""019d7e0d-e6b0-7e23-9fe4-00c84bff07a5"", ""status"": ""success""}",success,,1.0572428703308105,1896,0.001632,1.0,0.875,1.0,0.5,1.0,0.875,1.0,0.5,1.0
578811cb-c072-59a1-abf4-fb878fb886b0,"{""document_id"": ""d8b971e17298b4426e0e8ed07bcaf50f.pdf""}","{""term"": null, ""party"": [{""name"": ""Motorola_Inc.""}, {""name"": ""Iridium_Satellite_LLC""}], ""jurisdiction"": ""Illinois"", ""effective_date"": null}",gpt-lite-single_pass-text-e2642fb3,1,"{""_char_count"": 9649, ""_page_count"": 3, ""effective_date"": null, ""jurisdiction"": ""Illinois"", ""party"": [{""name"": ""Motorola_Inc.""}, {""name"": ""Iridium_Satellite_LLC""}], ""term"": null}","{""inputs"": {""document_id"": ""d8b971e17298b4426e0e8ed07bcaf50f.pdf""}, ""outputs"": {""_char_count"": 9649, ""_page_count"": 3, ""effective_date"": null, ""jurisdiction"": ""Illinois"", ""party"": [{""name"": ""Motorola_Inc.""}, {""name"": ""Iridium_Satellite_LLC""}], ""term"": null}, ""session_id"": ""d64bc366-59fa-46dc-bfef-ebfff4ead222"", ""error"": null, ""extra"": {""metadata"": {""LANGSMITH_ENDPOINT"": ""https://api.smith.langchain.com"", ""LANGSMITH_PROJECT"": ""agentic-kie-evals"", ""LANGSMITH_TRACING"": ""true"", ""__ls_runner"": ""py_sdk_evaluate"", ""example_version"": ""2026-04-11T14:27:50.429277+00:00"", ""ls_example_dataset_split"": [""dev""], ""ls_example_partition"": ""dev-0"", ""ls_example_source"": ""kleister-nda"", ""ls_method"": ""traceable"", ""ls_run_depth"": 0, ""modality"": ""text"", ""model_name"": ""gpt"", ""num_repetitions"": 1, ""revision_id"": ""dc70dde"", ""strategy"": ""single_pass""}, ""runtime"": {""langchain_core_version"": ""1.2.28"", ""langchain_version"": ""1.2.15"", ""library"": ""langsmith"", ""platform"": ""macOS-26.4-arm64-arm-64bit-Mach-O"", ""py_implementation"": ""CPython"", ""runtime"": ""python"", ""runtime_version"": ""3.13.12"", ""sdk"": ""langsmith-py"", ""sdk_version"": ""0.7.30""}}, ""run_type"": ""chain"", ""id"": ""019d7e0d-46f9-77b0-a768-6c63b61c2cae"", ""status"": ""success""}",success,,0.993621826171875,2789,0.002253,1.0,1.0,1.0,1.0,1.0,1.0,1.0,1.0,1.0
587248e7-c961-54c6-b6c5-15338dfe10b3,"{""document_id"": ""96e343b9123175bd6625537e27275ee0.pdf""}","{""term"": null, ""party"": [{""name"": ""E2open_Inc.""}, {""name"": ""Insight_Venture_Partners_LLC""}], ""jurisdiction"": ""Delaware"", ""effective_date"": ""2014-11-26""}",gpt-lite-single_pass-text-e2642fb3,1,"{""_char_count"": 31146, ""_page_count"": 9, ""effective_date"": ""2014-11-26"", ""jurisdiction"": ""Delaware"", ""party"": [{""name"": ""E2open_Inc.""}, {""name"": ""Insight_Venture_Partners_LLC""}], ""term"": ""2_years""}","{""inputs"": {""document_id"": ""96e343b9123175bd6625537e27275ee0.pdf""}, ""outputs"": {""_char_count"": 31146, ""_page_count"": 9, ""effective_date"": ""2014-11-26"", ""jurisdiction"": ""Delaware"", ""party"": [{""name"": ""E2open_Inc.""}, {""name"": ""Insight_Venture_Partners_LLC""}], ""term"": ""2_years""}, ""session_id"": ""d64bc366-59fa-46dc-bfef-ebfff4ead222"", ""error"": null, ""extra"": {""metadata"": {""LANGSMITH_ENDPOINT"": ""https://api.smith.langchain.com"", ""LANGSMITH_PROJECT"": ""agentic-kie-evals"", ""LANGSMITH_TRACING"": ""true"", ""__ls_runner"": ""py_sdk_evaluate"", ""example_version"": ""2026-04-11T14:27:47.469735+00:00"", ""ls_example_dataset_split"": [""dev""], ""ls_example_partition"": ""dev-0"", ""ls_example_source"": ""kleister-nda"", ""ls_method"": ""traceable"", ""ls_run_depth"": 0, ""modality"": ""text"", ""model_name"": ""gpt"", ""num_repetitions"": 1, ""revision_id"": ""dc70dde"", ""strategy"": ""single_pass""}, ""runtime"": {""langchain_core_version"": ""1.2.28"", ""langchain_version"": ""1.2.15"", ""library"": ""langsmith"", ""platform"": ""macOS-26.4-arm64-arm-64bit-Mach-O"", ""py_implementation"": ""CPython"", ""runtime"": ""python"", ""runtime_version"": ""3.13.12"", ""sdk"": ""langsmith-py"", ""sdk_version"": ""0.7.30""}}, ""run_type"": ""chain"", ""id"": ""019d7e0d-6e52-7840-af98-e62876f6f906"", ""status"": ""success""}",success,,0.9770569801330566,6843,0.0053385,1.0,0.75,1.0,1.0,0.0,0.75,1.0,1.0,0.0
5b771736-7c95-5258-bd9c-14feeacf6483,"{""document_id"": ""b588849d6c371972f08a83b280c7d9b2.pdf""}","{""term"": null, ""party"": [{""name"": ""Paul_B._Mulhollem""}, {""name"": ""Archer-Daniels-Midland_Company""}], ""jurisdiction"": ""Illinois"", ""effective_date"": ""2005-09-29""}",gpt-lite-single_pass-text-e2642fb3,1,"{""_char_count"": 16664, ""_page_count"": 12, ""effective_date"": ""2005-09-29"", ""jurisdiction"": ""Illinois"", ""party"": [{""name"": ""Paul_B._Mulhollem""}, {""name"": ""Archer-Daniels-Midland_Company""}], ""term"": ""3_years""}","{""inputs"": {""document_id"": ""b588849d6c371972f08a83b280c7d9b2.pdf""}, ""outputs"": {""_char_count"": 16664, ""_page_count"": 12, ""effective_date"": ""2005-09-29"", ""jurisdiction"": ""Illinois"", ""party"": [{""name"": ""Paul_B._Mulhollem""}, {""name"": ""Archer-Daniels-Midland_Company""}], ""term"": ""3_years""}, ""session_id"": ""d64bc366-59fa-46dc-bfef-ebfff4ead222"", ""error"": null, ""extra"": {""metadata"": {""LANGSMITH_ENDPOINT"": ""https://api.smith.langchain.com"", ""LANGSMITH_PROJECT"": ""agentic-kie-evals"", ""LANGSMITH_TRACING"": ""true"", ""__ls_runner"": ""py_sdk_evaluate"", ""example_version"": ""2026-04-11T14:27:47.469735+00:00"", ""ls_example_dataset_split"": [""dev""], ""ls_example_partition"": ""dev-0"", ""ls_example_source"": ""kleister-nda"", ""ls_method"": ""traceable"", ""ls_run_depth"": 0, ""modality"": ""text"", ""model_name"": ""gpt"", ""num_repetitions"": 1, ""revision_id"": ""dc70dde"", ""strategy"": ""single_pass""}, ""runtime"": {""langchain_core_version"": ""1.2.28"", ""langchain_version"": ""1.2.15"", ""library"": ""langsmith"", ""platform"": ""macOS-26.4-arm64-arm-64bit-Mach-O"", ""py_implementation"": ""CPython"", ""runtime"": ""python"", ""runtime_version"": ""3.13.12"", ""sdk"": ""langsmith-py"", ""sdk_version"": ""0.7.30""}}, ""run_type"": ""chain"", ""id"": ""019d7e0d-70fa-72e2-871e-a3321400bfb7"", ""status"": ""success""}",success,,0.8834319114685059,4397,0.003504,1.0,0.75,1.0,1.0,0.0,0.75,1.0,1.0,0.0
5dc968d1-3bd9-5da6-b8d2-dab99b0d27d1,"{""document_id"": ""7187b5dc91b45bd1339f75c4fe646186.pdf""}","{""term"": null, ""party"": [{""name"": ""Biolargo_Inc.""}, {""name"": ""Howard_Isaacs""}], ""jurisdiction"": ""California"", ""effective_date"": ""2008-11-06""}",gpt-lite-single_pass-text-e2642fb3,1,"{""_char_count"": 17539, ""_page_count"": 5, ""effective_date"": ""2008-11-06"", ""jurisdiction"": ""California"", ""party"": [{""name"": ""BioLargo._Inc.""}, {""name"": ""Howard_Isaacs""}], ""term"": null}","{""inputs"": {""document_id"": ""7187b5dc91b45bd1339f75c4fe646186.pdf""}, ""outputs"": {""_char_count"": 17539, ""_page_count"": 5, ""effective_date"": ""2008-11-06"", ""jurisdiction"": ""California"", ""party"": [{""name"": ""BioLargo._Inc.""}, {""name"": ""Howard_Isaacs""}], ""term"": null}, ""session_id"": ""d64bc366-59fa-46dc-bfef-ebfff4ead222"", ""error"": null, ""extra"": {""metadata"": {""LANGSMITH_ENDPOINT"": ""https://api.smith.langchain.com"", ""LANGSMITH_PROJECT"": ""agentic-kie-evals"", ""LANGSMITH_TRACING"": ""true"", ""__ls_runner"": ""py_sdk_evaluate"", ""example_version"": ""2026-04-11T14:27:47.469735+00:00"", ""ls_example_dataset_split"": [""dev""], ""ls_example_partition"": ""dev-0"", ""ls_example_source"": ""kleister-nda"", ""ls_method"": ""traceable"", ""ls_run_depth"": 0, ""modality"": ""text"", ""model_name"": ""gpt"", ""num_repetitions"": 1, ""revision_id"": ""dc70dde"", ""strategy"": ""single_pass""}, ""runtime"": {""langchain_core_version"": ""1.2.28"", ""langchain_version"": ""1.2.15"", ""library"": ""langsmith"", ""platform"": ""macOS-26.4-arm64-arm-64bit-Mach-O"", ""py_implementation"": ""CPython"", ""runtime"": ""python"", ""runtime_version"": ""3.13.12"", ""sdk"": ""langsmith-py"", ""sdk_version"": ""0.7.30""}}, ""run_type"": ""chain"", ""id"": ""019d7e0d-7224-7bc3-9e08-09c02eb7590f"", ""status"": ""success""}",success,,0.9958140850067139,4064,0.00322425,1.0,0.875,1.0,0.5,1.0,1.0,1.0,1.0,1.0
61be155a-83c2-526c-b051-3ef659952253,"{""document_id"": ""14b0b2208aaab4da5388590f9ed8e03c.pdf""}","{""term"": null, ""party"": [{""name"": ""Nat_Krishnamurti""}, {""name"": ""Interpace_Diagnostics_Group_Inc.""}], ""jurisdiction"": ""New_Jersey"", ""effective_date"": ""2016-06-22""}",gpt-lite-single_pass-text-e2642fb3,1,"{""_char_count"": 25616, ""_page_count"": 8, ""effective_date"": ""2016-06-22"", ""jurisdiction"": ""New_Jersey"", ""party"": [{""name"": ""Nat_Krishnamurti""}, {""name"": ""Interpace_Diagnostics_Group_Inc.""}], ""term"": null}","{""inputs"": {""document_id"": ""14b0b2208aaab4da5388590f9ed8e03c.pdf""}, ""outputs"": {""_char_count"": 25616, ""_page_count"": 8, ""effective_date"": ""2016-06-22"", ""jurisdiction"": ""New_Jersey"", ""party"": [{""name"": ""Nat_Krishnamurti""}, {""name"": ""Interpace_Diagnostics_Group_Inc.""}], ""term"": null}, ""session_id"": ""d64bc366-59fa-46dc-bfef-ebfff4ead222"", ""error"": null, ""extra"": {""metadata"": {""LANGSMITH_ENDPOINT"": ""https://api.smith.langchain.com"", ""LANGSMITH_PROJECT"": ""agentic-kie-evals"", ""LANGSMITH_TRACING"": ""true"", ""__ls_runner"": ""py_sdk_evaluate"", ""example_version"": ""2026-04-11T14:27:42.293905+00:00"", ""ls_example_dataset_split"": [""dev""], ""ls_example_partition"": ""dev-0"", ""ls_example_source"": ""kleister-nda"", ""ls_method"": ""traceable"", ""ls_run_depth"": 0, ""modality"": ""text"", ""model_name"": ""gpt"", ""num_repetitions"": 1, ""revision_id"": ""dc70dde"", ""strategy"": ""single_pass""}, ""runtime"": {""langchain_core_version"": ""1.2.28"", ""langchain_version"": ""1.2.15"", ""library"": ""langsmith"", ""platform"": ""macOS-26.4-arm64-arm-64bit-Mach-O"", ""py_implementation"": ""CPython"", ""runtime"": ""python"", ""runtime_version"": ""3.13.12"", ""sdk"": ""langsmith-py"", ""sdk_version"": ""0.7.30""}}, ""run_type"": ""chain"", ""id"": ""019d7e0d-ead2-7123-8418-dbb6b1c55743"", ""status"": ""success""}",success,,2.310133934020996,5867,0.00460275,1.0,1.0,1.0,1.0,1.0,1.0,1.0,1.0,1.0
67ef3ebd-2627-5ca0-a12e-cb3301af02d0,"{""document_id"": ""5829a2f85d47530983ab21b078f2747f.pdf""}","{""term"": ""2_years"", ""party"": [{""name"": ""Jamba_Inc.""}, {""name"": ""Focus_Brands_Inc.""}], ""jurisdiction"": ""Delaware"", ""effective_date"": ""2018-03-30""}",gpt-lite-single_pass-text-e2642fb3,1,"{""_char_count"": 26823, ""_page_count"": 5, ""effective_date"": ""2018-03-30"", ""jurisdiction"": ""Delaware"", ""party"": [{""name"": ""Jamba_Inc.""}, {""name"": ""FOCUS_Brands_Inc.""}], ""term"": ""2_years""}","{""inputs"": {""document_id"": ""5829a2f85d47530983ab21b078f2747f.pdf""}, ""outputs"": {""_char_count"": 26823, ""_page_count"": 5, ""effective_date"": ""2018-03-30"", ""jurisdiction"": ""Delaware"", ""party"": [{""name"": ""Jamba_Inc.""}, {""name"": ""FOCUS_Brands_Inc.""}], ""term"": ""2_years""}, ""session_id"": ""d64bc366-59fa-46dc-bfef-ebfff4ead222"", ""error"": null, ""extra"": {""metadata"": {""LANGSMITH_ENDPOINT"": ""https://api.smith.langchain.com"", ""LANGSMITH_PROJECT"": ""agentic-kie-evals"", ""LANGSMITH_TRACING"": ""true"", ""__ls_runner"": ""py_sdk_evaluate"", ""example_version"": ""2026-04-11T14:27:44.810791+00:00"", ""ls_example_dataset_split"": [""dev""], ""ls_example_partition"": ""dev-0"", ""ls_example_source"": ""kleister-nda"", ""ls_method"": ""traceable"", ""ls_run_depth"": 0, ""modality"": ""text"", ""model_name"": ""gpt"", ""num_repetitions"": 1, ""revision_id"": ""dc70dde"", ""strategy"": ""single_pass""}, ""runtime"": {""langchain_core_version"": ""1.2.28"", ""langchain_version"": ""1.2.15"", ""library"": ""langsmith"", ""platform"": ""macOS-26.4-arm64-arm-64bit-Mach-O"", ""py_implementation"": ""CPython"", ""runtime"": ""python"", ""runtime_version"": ""3.13.12"", ""sdk"": ""langsmith-py"", ""sdk_version"": ""0.7.30""}}, ""run_type"": ""chain"", ""id"": ""019d7e0d-9c58-7593-9862-650cf96ead4f"", ""status"": ""success""}",success,,1.0207619667053223,5954,0.00466425,1.0,1.0,1.0,1.0,1.0,1.0,1.0,1.0,1.0
68bbb61e-8a38-59f7-815e-f6a4bc2c6a4d,"{""document_id"": ""e90afd0c36ad8ce86d62ef0cbe75cde3.pdf""}","{""term"": ""3_years"", ""party"": [{""name"": ""Columbus_Mckinnon_Corporation""}, {""name"": ""Magnetek_Inc.""}], ""jurisdiction"": ""Delaware"", ""effective_date"": ""2015-04-02""}",gpt-lite-single_pass-text-e2642fb3,1,"{""_char_count"": 28640, ""_page_count"": 7, ""effective_date"": ""2015-04-02"", ""jurisdiction"": ""Delaware"", ""party"": [{""name"": ""Magnetek_Inc.""}, {""name"": ""Columbus_McKinnon_Corporation""}], ""term"": ""3_years""}","{""inputs"": {""document_id"": ""e90afd0c36ad8ce86d62ef0cbe75cde3.pdf""}, ""outputs"": {""_char_count"": 28640, ""_page_count"": 7, ""effective_date"": ""2015-04-02"", ""jurisdiction"": ""Delaware"", ""party"": [{""name"": ""Magnetek_Inc.""}, {""name"": ""Columbus_McKinnon_Corporation""}], ""term"": ""3_years""}, ""session_id"": ""d64bc366-59fa-46dc-bfef-ebfff4ead222"", ""error"": null, ""extra"": {""metadata"": {""LANGSMITH_ENDPOINT"": ""https://api.smith.langchain.com"", ""LANGSMITH_PROJECT"": ""agentic-kie-evals"", ""LANGSMITH_TRACING"": ""true"", ""__ls_runner"": ""py_sdk_evaluate"", ""example_version"": ""2026-04-11T14:27:50.429277+00:00"", ""ls_example_dataset_split"": [""dev""], ""ls_example_partition"": ""dev-0"", ""ls_example_source"": ""kleister-nda"", ""ls_method"": ""traceable"", ""ls_run_depth"": 0, ""modality"": ""text"", ""model_name"": ""gpt"", ""num_repetitions"": 1, ""revision_id"": ""dc70dde"", ""strategy"": ""single_pass""}, ""runtime"": {""langchain_core_version"": ""1.2.28"", ""langchain_version"": ""1.2.15"", ""library"": ""langsmith"", ""platform"": ""macOS-26.4-arm64-arm-64bit-Mach-O"", ""py_implementation"": ""CPython"", ""runtime"": ""python"", ""runtime_version"": ""3.13.12"", ""sdk"": ""langsmith-py"", ""sdk_version"": ""0.7.30""}}, ""run_type"": ""chain"", ""id"": ""019d7e0d-47d6-7862-9d93-e44e75fe31a3"", ""status"": ""success""}",success,,1.367305040359497,6313,0.004941,1.0,1.0,1.0,1.0,1.0,1.0,1.0,1.0,1.0
68dd9814-45c4-5064-8b86-8d8a1551e8b6,"{""document_id"": ""64ee806eb8c3db587c89b4215fac31da.pdf""}","{""term"": null, ""party"": [{""name"": ""Target_Corporation""}, {""name"": ""Tina_Tyler""}], ""jurisdiction"": ""Minnesota"", ""effective_date"": ""2016-01-27""}",gpt-lite-single_pass-text-e2642fb3,1,"{""_char_count"": 13885, ""_page_count"": 10, ""effective_date"": ""2016-01-27"", ""jurisdiction"": ""Minnesota"", ""party"": [{""name"": ""Target_Corporation""}, {""name"": ""Target_Enterprise_Inc.""}, {""name"": ""Tina_Tyler""}], ""term"": null}","{""inputs"": {""document_id"": ""64ee806eb8c3db587c89b4215fac31da.pdf""}, ""outputs"": {""_char_count"": 13885, ""_page_count"": 10, ""effective_date"": ""2016-01-27"", ""jurisdiction"": ""Minnesota"", ""party"": [{""name"": ""Target_Corporation""}, {""name"": ""Target_Enterprise_Inc.""}, {""name"": ""Tina_Tyler""}], ""term"": null}, ""session_id"": ""d64bc366-59fa-46dc-bfef-ebfff4ead222"", ""error"": null, ""extra"": {""metadata"": {""LANGSMITH_ENDPOINT"": ""https://api.smith.langchain.com"", ""LANGSMITH_PROJECT"": ""agentic-kie-evals"", ""LANGSMITH_TRACING"": ""true"", ""__ls_runner"": ""py_sdk_evaluate"", ""example_version"": ""2026-04-11T14:27:44.810791+00:00"", ""ls_example_dataset_split"": [""dev""], ""ls_example_partition"": ""dev-0"", ""ls_example_source"": ""kleister-nda"", ""ls_method"": ""traceable"", ""ls_run_depth"": 0, ""modality"": ""text"", ""model_name"": ""gpt"", ""num_repetitions"": 1, ""revision_id"": ""dc70dde"", ""strategy"": ""single_pass""}, ""runtime"": {""langchain_core_version"": ""1.2.28"", ""langchain_version"": ""1.2.15"", ""library"": ""langsmith"", ""platform"": ""macOS-26.4-arm64-arm-64bit-Mach-O"", ""py_implementation"": ""CPython"", ""runtime"": ""python"", ""runtime_version"": ""3.13.12"", ""sdk"": ""langsmith-py"", ""sdk_version"": ""0.7.30""}}, ""run_type"": ""chain"", ""id"": ""019d7e0d-9da5-7e40-8ec2-33c77c52288b"", ""status"": ""success""}",success,,0.9026398658752441,3591,0.00290325,1.0,0.95,1.0,0.8,1.0,0.95,1.0,0.8,1.0
6b3d499d-40dd-5c29-8c0e-4eab9754ab72,"{""document_id"": ""d73afdb784cb0d78e49f9eb7f8217a05.pdf""}","{""term"": ""24_months"", ""party"": [{""name"": ""Axcan_Pharma_Inc.""}, {""name"": ""Tpg_Capital_LP""}, {""name"": ""Eurand_N.V.""}], ""jurisdiction"": ""New_York"", ""effective_date"": null}",gpt-lite-single_pass-text-e2642fb3,1,"{""_char_count"": 26908, ""_page_count"": 9, ""effective_date"": ""2010-07-13"", ""jurisdiction"": ""New_York"", ""party"": [{""name"": ""Eurand_N.V.""}, {""name"": ""TPG_Capital_L.P.""}, {""name"": ""Axcan_Pharma_Inc.""}], ""term"": ""24_months""}","{""inputs"": {""document_id"": ""d73afdb784cb0d78e49f9eb7f8217a05.pdf""}, ""outputs"": {""_char_count"": 26908, ""_page_count"": 9, ""effective_date"": ""2010-07-13"", ""jurisdiction"": ""New_York"", ""party"": [{""name"": ""Eurand_N.V.""}, {""name"": ""TPG_Capital_L.P.""}, {""name"": ""Axcan_Pharma_Inc.""}], ""term"": ""24_months""}, ""session_id"": ""d64bc366-59fa-46dc-bfef-ebfff4ead222"", ""error"": null, ""extra"": {""metadata"": {""LANGSMITH_ENDPOINT"": ""https://api.smith.langchain.com"", ""LANGSMITH_PROJECT"": ""agentic-kie-evals"", ""LANGSMITH_TRACING"": ""true"", ""__ls_runner"": ""py_sdk_evaluate"", ""example_version"": ""2026-04-11T14:27:50.429277+00:00"", ""ls_example_dataset_split"": [""dev""], ""ls_example_partition"": ""dev-0"", ""ls_example_source"": ""kleister-nda"", ""ls_method"": ""traceable"", ""ls_run_depth"": 0, ""modality"": ""text"", ""model_name"": ""gpt"", ""num_repetitions"": 1, ""revision_id"": ""dc70dde"", ""strategy"": ""single_pass""}, ""runtime"": {""langchain_core_version"": ""1.2.28"", ""langchain_version"": ""1.2.15"", ""library"": ""langsmith"", ""platform"": ""macOS-26.4-arm64-arm-64bit-Mach-O"", ""py_implementation"": ""CPython"", ""runtime"": ""python"", ""runtime_version"": ""3.13.12"", ""sdk"": ""langsmith-py"", ""sdk_version"": ""0.7.30""}}, ""run_type"": ""chain"", ""id"": ""019d7e0d-48e6-7140-8cc0-35fe99c332a6"", ""status"": ""success""}",success,,1.1376228332519531,5997,0.00474525,0.0,0.6667,1.0,0.6667,1.0,0.75,1.0,1.0,1.0
6c29008d-a158-5b24-97d4-51a42a8bbac6,"{""document_id"": ""159ce2a2e6936e25efdc717e2a623497.pdf""}","{""term"": null, ""party"": [{""name"": ""Intercept_Pharmaceuticals_Inc.""}, {""name"": ""David_Shapiro""}], ""jurisdiction"": ""New_York"", ""effective_date"": ""2008-03-31""}",gpt-lite-single_pass-text-e2642fb3,1,"{""_char_count"": 13992, ""_page_count"": 7, ""effective_date"": ""2008-03-21"", ""jurisdiction"": ""New_York"", ""party"": [{""name"": ""Intercept_Pharmaceuticals_Inc.""}, {""name"": ""David_Shapiro""}], ""term"": null}","{""inputs"": {""document_id"": ""159ce2a2e6936e25efdc717e2a623497.pdf""}, ""outputs"": {""_char_count"": 13992, ""_page_count"": 7, ""effective_date"": ""2008-03-21"", ""jurisdiction"": ""New_York"", ""party"": [{""name"": ""Intercept_Pharmaceuticals_Inc.""}, {""name"": ""David_Shapiro""}], ""term"": null}, ""session_id"": ""d64bc366-59fa-46dc-bfef-ebfff4ead222"", ""error"": null, ""extra"": {""metadata"": {""LANGSMITH_ENDPOINT"": ""https://api.smith.langchain.com"", ""LANGSMITH_PROJECT"": ""agentic-kie-evals"", ""LANGSMITH_TRACING"": ""true"", ""__ls_runner"": ""py_sdk_evaluate"", ""example_version"": ""2026-04-11T14:27:42.293905+00:00"", ""ls_example_dataset_split"": [""dev""], ""ls_example_partition"": ""dev-0"", ""ls_example_source"": ""kleister-nda"", ""ls_method"": ""traceable"", ""ls_run_depth"": 0, ""modality"": ""text"", ""model_name"": ""gpt"", ""num_repetitions"": 1, ""revision_id"": ""dc70dde"", ""strategy"": ""single_pass""}, ""runtime"": {""langchain_core_version"": ""1.2.28"", ""langchain_version"": ""1.2.15"", ""library"": ""langsmith"", ""platform"": ""macOS-26.4-arm64-arm-64bit-Mach-O"", ""py_implementation"": ""CPython"", ""runtime"": ""python"", ""runtime_version"": ""3.13.12"", ""sdk"": ""langsmith-py"", ""sdk_version"": ""0.7.30""}}, ""run_type"": ""chain"", ""id"": ""019d7e0d-f3ae-76e0-a298-7fe70fed9fdc"", ""status"": ""success""}",success,,1.041982889175415,3661,0.00293325,0.0,0.75,1.0,1.0,1.0,0.75,1.0,1.0,1.0
6d41ab8b-3dda-5e09-ada1-269454fa2d20,"{""document_id"": ""7c6dc43af8d2b97e3918cd1ebf62f17e.pdf""}","{""term"": null, ""party"": [{""name"": ""Jeremiah_Kaye""}, {""name"": ""Ahp_Servicing_LLC""}], ""jurisdiction"": ""Illinois"", ""effective_date"": null}",gpt-lite-single_pass-text-e2642fb3,1,"{""_char_count"": 15598, ""_page_count"": 4, ""effective_date"": ""2018-01-01"", ""jurisdiction"": ""Illinois"", ""party"": [{""name"": ""Jeremiah_Kaye""}, {""name"": ""AHP_Servicing_LLC""}], ""term"": null}","{""inputs"": {""document_id"": ""7c6dc43af8d2b97e3918cd1ebf62f17e.pdf""}, ""outputs"": {""_char_count"": 15598, ""_page_count"": 4, ""effective_date"": ""2018-01-01"", ""jurisdiction"": ""Illinois"", ""party"": [{""name"": ""Jeremiah_Kaye""}, {""name"": ""AHP_Servicing_LLC""}], ""term"": null}, ""session_id"": ""d64bc366-59fa-46dc-bfef-ebfff4ead222"", ""error"": null, ""extra"": {""metadata"": {""LANGSMITH_ENDPOINT"": ""https://api.smith.langchain.com"", ""LANGSMITH_PROJECT"": ""agentic-kie-evals"", ""LANGSMITH_TRACING"": ""true"", ""__ls_runner"": ""py_sdk_evaluate"", ""example_version"": ""2026-04-11T14:27:47.469735+00:00"", ""ls_example_dataset_split"": [""dev""], ""ls_example_partition"": ""dev-0"", ""ls_example_source"": ""kleister-nda"", ""ls_method"": ""traceable"", ""ls_run_depth"": 0, ""modality"": ""text"", ""model_name"": ""gpt"", ""num_repetitions"": 1, ""revision_id"": ""dc70dde"", ""strategy"": ""single_pass""}, ""runtime"": {""langchain_core_version"": ""1.2.28"", ""langchain_version"": ""1.2.15"", ""library"": ""langsmith"", ""platform"": ""macOS-26.4-arm64-arm-64bit-Mach-O"", ""py_implementation"": ""CPython"", ""runtime"": ""python"", ""runtime_version"": ""3.13.12"", ""sdk"": ""langsmith-py"", ""sdk_version"": ""0.7.30""}}, ""run_type"": ""chain"", ""id"": ""019d7e0d-746e-7c42-945c-d3a8ca7b3662"", ""status"": ""success""}",success,,1.0014150142669678,3823,0.00305475,0.0,0.75,1.0,1.0,1.0,0.75,1.0,1.0,1.0
6f6db0a4-a36e-5d93-b020-d70ba22dccce,"{""document_id"": ""ead4ae70800732aeb59f689dc2e60117.pdf""}","{""term"": null, ""party"": [{""name"": ""Adaptive_Biotechnologies""}, {""name"": ""Microsoft_Corporation""}], ""jurisdiction"": ""Washington"", ""effective_date"": ""2017-07-21""}",gpt-lite-single_pass-text-e2642fb3,1,"{""_char_count"": 7692, ""_page_count"": 3, ""effective_date"": ""2017-07-21"", ""jurisdiction"": ""Washington"", ""party"": [{""name"": ""Adaptive_Biotechnologies""}, {""name"": ""Microsoft_Corporation""}], ""term"": null}","{""inputs"": {""document_id"": ""ead4ae70800732aeb59f689dc2e60117.pdf""}, ""outputs"": {""_char_count"": 7692, ""_page_count"": 3, ""effective_date"": ""2017-07-21"", ""jurisdiction"": ""Washington"", ""party"": [{""name"": ""Adaptive_Biotechnologies""}, {""name"": ""Microsoft_Corporation""}], ""term"": null}, ""session_id"": ""d64bc366-59fa-46dc-bfef-ebfff4ead222"", ""error"": null, ""extra"": {""metadata"": {""LANGSMITH_ENDPOINT"": ""https://api.smith.langchain.com"", ""LANGSMITH_PROJECT"": ""agentic-kie-evals"", ""LANGSMITH_TRACING"": ""true"", ""__ls_runner"": ""py_sdk_evaluate"", ""example_version"": ""2026-04-11T14:27:50.429277+00:00"", ""ls_example_dataset_split"": [""dev""], ""ls_example_partition"": ""dev-0"", ""ls_example_source"": ""kleister-nda"", ""ls_method"": ""traceable"", ""ls_run_depth"": 0, ""modality"": ""text"", ""model_name"": ""gpt"", ""num_repetitions"": 1, ""revision_id"": ""dc70dde"", ""strategy"": ""single_pass""}, ""runtime"": {""langchain_core_version"": ""1.2.28"", ""langchain_version"": ""1.2.15"", ""library"": ""langsmith"", ""platform"": ""macOS-26.4-arm64-arm-64bit-Mach-O"", ""py_implementation"": ""CPython"", ""runtime"": ""python"", ""runtime_version"": ""3.13.12"", ""sdk"": ""langsmith-py"", ""sdk_version"": ""0.7.30""}}, ""run_type"": ""chain"", ""id"": ""019d7e0d-4ada-7701-80f6-4915f7907f00"", ""status"": ""success""}",success,,3.355774164199829,2352,0.0007269,1.0,1.0,1.0,1.0,1.0,1.0,1.0,1.0,1.0
74c3be2a-4030-5ef6-b3c0-e927f1ce658d,"{""document_id"": ""cce6a9643be4abacd213753c964ff747.pdf""}","{""term"": null, ""party"": [{""name"": ""Omrix_Biopharmaceuticals_Inc.""}, {""name"": ""Ethicon_Inc.""}], ""jurisdiction"": ""New_York"", ""effective_date"": ""2008-08-01""}",gpt-lite-single_pass-text-e2642fb3,1,"{""_char_count"": 11859, ""_page_count"": 6, ""effective_date"": ""2008-08-01"", ""jurisdiction"": ""New_York"", ""party"": [{""name"": ""Omrix_Biopharmaceuticals_Inc.""}, {""name"": ""Ethicon_Inc.""}], ""term"": null}","{""inputs"": {""document_id"": ""cce6a9643be4abacd213753c964ff747.pdf""}, ""outputs"": {""_char_count"": 11859, ""_page_count"": 6, ""effective_date"": ""2008-08-01"", ""jurisdiction"": ""New_York"", ""party"": [{""name"": ""Omrix_Biopharmaceuticals_Inc.""}, {""name"": ""Ethicon_Inc.""}], ""term"": null}, ""session_id"": ""d64bc366-59fa-46dc-bfef-ebfff4ead222"", ""error"": null, ""extra"": {""metadata"": {""LANGSMITH_ENDPOINT"": ""https://api.smith.langchain.com"", ""LANGSMITH_PROJECT"": ""agentic-kie-evals"", ""LANGSMITH_TRACING"": ""true"", ""__ls_runner"": ""py_sdk_evaluate"", ""example_version"": ""2026-04-11T14:27:50.429277+00:00"", ""ls_example_dataset_split"": [""dev""], ""ls_example_partition"": ""dev-0"", ""ls_example_source"": ""kleister-nda"", ""ls_method"": ""traceable"", ""ls_run_depth"": 0, ""modality"": ""text"", ""model_name"": ""gpt"", ""num_repetitions"": 1, ""revision_id"": ""dc70dde"", ""strategy"": ""single_pass""}, ""runtime"": {""langchain_core_version"": ""1.2.28"", ""langchain_version"": ""1.2.15"", ""library"": ""langsmith"", ""platform"": ""macOS-26.4-arm64-arm-64bit-Mach-O"", ""py_implementation"": ""CPython"", ""runtime"": ""python"", ""runtime_version"": ""3.13.12"", ""sdk"": ""langsmith-py"", ""sdk_version"": ""0.7.30""}}, ""run_type"": ""chain"", ""id"": ""019d7e0d-4d2e-7ca2-aa7b-b6c54480ad75"", ""status"": ""success""}",success,,1.0703239440917969,3069,0.00250425,1.0,1.0,1.0,1.0,1.0,1.0,1.0,1.0,1.0
7ccf3aa5-2c07-576b-bada-5db9f642ae50,"{""document_id"": ""3e1a3a5f4a419e58024088fb81964bca.pdf""}","{""term"": ""5_years"", ""party"": [{""name"": ""Asahi_Kasei_Corporation""}, {""name"": ""Zoll_Medical_Corporation""}], ""jurisdiction"": ""Massachusetts"", ""effective_date"": ""2012-01-25""}",gpt-lite-single_pass-text-e2642fb3,1,"{""_char_count"": 20910, ""_page_count"": 8, ""effective_date"": ""2012-01-25"", ""jurisdiction"": ""Massachusetts"", ""party"": [{""name"": ""Asahi_Kasei_Corporation""}, {""name"": ""ZOLL_Medical_Corporation""}], ""term"": ""5_years""}","{""inputs"": {""document_id"": ""3e1a3a5f4a419e58024088fb81964bca.pdf""}, ""outputs"": {""_char_count"": 20910, ""_page_count"": 8, ""effective_date"": ""2012-01-25"", ""jurisdiction"": ""Massachusetts"", ""party"": [{""name"": ""Asahi_Kasei_Corporation""}, {""name"": ""ZOLL_Medical_Corporation""}], ""term"": ""5_years""}, ""session_id"": ""d64bc366-59fa-46dc-bfef-ebfff4ead222"", ""error"": null, ""extra"": {""metadata"": {""LANGSMITH_ENDPOINT"": ""https://api.smith.langchain.com"", ""LANGSMITH_PROJECT"": ""agentic-kie-evals"", ""LANGSMITH_TRACING"": ""true"", ""__ls_runner"": ""py_sdk_evaluate"", ""example_version"": ""2026-04-11T14:27:42.293905+00:00"", ""ls_example_dataset_split"": [""dev""], ""ls_example_partition"": ""dev-0"", ""ls_example_source"": ""kleister-nda"", ""ls_method"": ""traceable"", ""ls_run_depth"": 0, ""modality"": ""text"", ""model_name"": ""gpt"", ""num_repetitions"": 1, ""revision_id"": ""dc70dde"", ""strategy"": ""single_pass""}, ""runtime"": {""langchain_core_version"": ""1.2.28"", ""langchain_version"": ""1.2.15"", ""library"": ""langsmith"", ""platform"": ""macOS-26.4-arm64-arm-64bit-Mach-O"", ""py_implementation"": ""CPython"", ""runtime"": ""python"", ""runtime_version"": ""3.13.12"", ""sdk"": ""langsmith-py"", ""sdk_version"": ""0.7.30""}}, ""run_type"": ""chain"", ""id"": ""019d7e0d-f3d8-7311-8cef-18b2c703ce3c"", ""status"": ""success""}",success,,1.0280671119689941,4887,0.00387525,1.0,1.0,1.0,1.0,1.0,1.0,1.0,1.0,1.0
80b17e03-bd9a-5df0-9d4a-b732f2f515e6,"{""document_id"": ""372e268a1e8fe9d6eda0852402434170.pdf""}","{""term"": null, ""party"": [{""name"": ""Udate.Com_Inc.""}, {""name"": ""Anthony_Dunn""}], ""jurisdiction"": ""Delaware"", ""effective_date"": ""2000-05-23""}",gpt-lite-single_pass-text-e2642fb3,1,"{""_char_count"": 10985, ""_page_count"": 5, ""effective_date"": ""2000-05-23"", ""jurisdiction"": ""Delaware"", ""party"": [{""name"": ""uDate.com_Inc.""}, {""name"": ""Anthony_Dunn""}], ""term"": null}","{""inputs"": {""document_id"": ""372e268a1e8fe9d6eda0852402434170.pdf""}, ""outputs"": {""_char_count"": 10985, ""_page_count"": 5, ""effective_date"": ""2000-05-23"", ""jurisdiction"": ""Delaware"", ""party"": [{""name"": ""uDate.com_Inc.""}, {""name"": ""Anthony_Dunn""}], ""term"": null}, ""session_id"": ""d64bc366-59fa-46dc-bfef-ebfff4ead222"", ""error"": null, ""extra"": {""metadata"": {""LANGSMITH_ENDPOINT"": ""https://api.smith.langchain.com"", ""LANGSMITH_PROJECT"": ""agentic-kie-evals"", ""LANGSMITH_TRACING"": ""true"", ""__ls_runner"": ""py_sdk_evaluate"", ""example_version"": ""2026-04-11T14:27:42.293905+00:00"", ""ls_example_dataset_split"": [""dev""], ""ls_example_partition"": ""dev-0"", ""ls_example_source"": ""kleister-nda"", ""ls_method"": ""traceable"", ""ls_run_depth"": 0, ""modality"": ""text"", ""model_name"": ""gpt"", ""num_repetitions"": 1, ""revision_id"": ""dc70dde"", ""strategy"": ""single_pass""}, ""runtime"": {""langchain_core_version"": ""1.2.28"", ""langchain_version"": ""1.2.15"", ""library"": ""langsmith"", ""platform"": ""macOS-26.4-arm64-arm-64bit-Mach-O"", ""py_implementation"": ""CPython"", ""runtime"": ""python"", ""runtime_version"": ""3.13.12"", ""sdk"": ""langsmith-py"", ""sdk_version"": ""0.7.30""}}, ""run_type"": ""chain"", ""id"": ""019d7e0d-f7c0-7b01-9344-7af27ef866b7"", ""status"": ""success""}",success,,1.046431064605713,2906,0.00235575,1.0,1.0,1.0,1.0,1.0,1.0,1.0,1.0,1.0
82817ef5-1686-5d7e-94a5-d699e08a7721,"{""document_id"": ""f28c4f3d35a152dd415f9b255122cb38.pdf""}","{""term"": ""2_years"", ""party"": [{""name"": ""Orthovita_Inc.""}, {""name"": ""Stryker_Corporation""}], ""jurisdiction"": ""New_York"", ""effective_date"": ""2011-01-18""}",gpt-lite-single_pass-text-e2642fb3,1,"{""_char_count"": 39541, ""_page_count"": 17, ""effective_date"": ""2011-04-27"", ""jurisdiction"": ""Delaware"", ""party"": [{""name"": ""Stryker_Corporation""}, {""name"": ""King_&_Spalding_LLP""}, {""name"": ""Lerner_David_Littenberg_Krumholz_&_Mentlik_LLP""}, {""name"": ""Orthovita_Inc.""}], ""term"": ""2_years""}","{""inputs"": {""document_id"": ""f28c4f3d35a152dd415f9b255122cb38.pdf""}, ""outputs"": {""_char_count"": 39541, ""_page_count"": 17, ""effective_date"": ""2011-04-27"", ""jurisdiction"": ""Delaware"", ""party"": [{""name"": ""Stryker_Corporation""}, {""name"": ""King_&_Spalding_LLP""}, {""name"": ""Lerner_David_Littenberg_Krumholz_&_Mentlik_LLP""}, {""name"": ""Orthovita_Inc.""}], ""term"": ""2_years""}, ""session_id"": ""d64bc366-59fa-46dc-bfef-ebfff4ead222"", ""error"": null, ""extra"": {""metadata"": {""LANGSMITH_ENDPOINT"": ""https://api.smith.langchain.com"", ""LANGSMITH_PROJECT"": ""agentic-kie-evals"", ""LANGSMITH_TRACING"": ""true"", ""__ls_runner"": ""py_sdk_evaluate"", ""example_version"": ""2026-04-11T14:27:51.059084+00:00"", ""ls_example_dataset_split"": [""dev""], ""ls_example_partition"": ""dev-0"", ""ls_example_source"": ""kleister-nda"", ""ls_method"": ""traceable"", ""ls_run_depth"": 0, ""modality"": ""text"", ""model_name"": ""gpt"", ""num_repetitions"": 1, ""revision_id"": ""dc70dde"", ""strategy"": ""single_pass""}, ""runtime"": {""langchain_core_version"": ""1.2.28"", ""langchain_version"": ""1.2.15"", ""library"": ""langsmith"", ""platform"": ""macOS-26.4-arm64-arm-64bit-Mach-O"", ""py_implementation"": ""CPython"", ""runtime"": ""python"", ""runtime_version"": ""3.13.12"", ""sdk"": ""langsmith-py"", ""sdk_version"": ""0.7.30""}}, ""run_type"": ""chain"", ""id"": ""019d7e0d-33b2-7863-a595-f910e859987b"", ""status"": ""success""}",success,,4.016372919082642,8993,0.0070635,0.0,0.4167,0.0,0.6667,1.0,0.4167,0.0,0.6667,1.0
841aa6a6-e171-56d4-9bad-c97a66bb05c6,"{""document_id"": ""5eb2af4610325bb5c670033270aa0bf1.pdf""}","{""term"": null, ""party"": [{""name"": ""The_St._Paul_Travelers_Companies_Inc.""}], ""jurisdiction"": ""Minnesota"", ""effective_date"": null}",gpt-lite-single_pass-text-e2642fb3,1,"{""_char_count"": 13968, ""_page_count"": 4, ""effective_date"": null, ""jurisdiction"": ""Minnesota"", ""party"": [{""name"": ""The_St._Paul_Travelers_Companies_Inc.""}], ""term"": ""12_months""}","{""inputs"": {""document_id"": ""5eb2af4610325bb5c670033270aa0bf1.pdf""}, ""outputs"": {""_char_count"": 13968, ""_page_count"": 4, ""effective_date"": null, ""jurisdiction"": ""Minnesota"", ""party"": [{""name"": ""The_St._Paul_Travelers_Companies_Inc.""}], ""term"": ""12_months""}, ""session_id"": ""d64bc366-59fa-46dc-bfef-ebfff4ead222"", ""error"": null, ""extra"": {""metadata"": {""LANGSMITH_ENDPOINT"": ""https://api.smith.langchain.com"", ""LANGSMITH_PROJECT"": ""agentic-kie-evals"", ""LANGSMITH_TRACING"": ""true"", ""__ls_runner"": ""py_sdk_evaluate"", ""example_version"": ""2026-04-11T14:27:44.810791+00:00"", ""ls_example_dataset_split"": [""dev""], ""ls_example_partition"": ""dev-0"", ""ls_example_source"": ""kleister-nda"", ""ls_method"": ""traceable"", ""ls_run_depth"": 0, ""modality"": ""text"", ""model_name"": ""gpt"", ""num_repetitions"": 1, ""revision_id"": ""dc70dde"", ""strategy"": ""single_pass""}, ""runtime"": {""langchain_core_version"": ""1.2.28"", ""langchain_version"": ""1.2.15"", ""library"": ""langsmith"", ""platform"": ""macOS-26.4-arm64-arm-64bit-Mach-O"", ""py_implementation"": ""CPython"", ""runtime"": ""python"", ""runtime_version"": ""3.13.12"", ""sdk"": ""langsmith-py"", ""sdk_version"": ""0.7.30""}}, ""run_type"": ""chain"", ""id"": ""019d7e0d-a055-70c0-aadf-6c6a2a7065a5"", ""status"": ""success""}",success,,0.9723420143127441,3301,0.0026445,1.0,0.75,1.0,1.0,0.0,0.75,1.0,1.0,0.0
84c59879-e8c4-5df7-87a3-ab1b925af614,"{""document_id"": ""54589bbc863f2a358ded8aff65a82bd5.pdf""}","{""term"": null, ""party"": [{""name"": ""Oceanfinancial_Corp.""}], ""jurisdiction"": ""New_Jersey"", ""effective_date"": null}",gpt-lite-single_pass-text-e2642fb3,1,"{""_char_count"": 11404, ""_failed"": true, ""_page_count"": 5}","{""inputs"": {""document_id"": ""54589bbc863f2a358ded8aff65a82bd5.pdf""}, ""outputs"": {""_char_count"": 11404, ""_failed"": true, ""_page_count"": 5}, ""session_id"": ""d64bc366-59fa-46dc-bfef-ebfff4ead222"", ""error"": null, ""extra"": {""metadata"": {""LANGSMITH_ENDPOINT"": ""https://api.smith.langchain.com"", ""LANGSMITH_PROJECT"": ""agentic-kie-evals"", ""LANGSMITH_TRACING"": ""true"", ""__ls_runner"": ""py_sdk_evaluate"", ""example_version"": ""2026-04-11T14:27:44.810791+00:00"", ""ls_example_dataset_split"": [""dev""], ""ls_example_partition"": ""dev-0"", ""ls_example_source"": ""kleister-nda"", ""ls_method"": ""traceable"", ""ls_run_depth"": 0, ""modality"": ""text"", ""model_name"": ""gpt"", ""num_repetitions"": 1, ""revision_id"": ""dc70dde"", ""strategy"": ""single_pass""}, ""runtime"": {""langchain_core_version"": ""1.2.28"", ""langchain_version"": ""1.2.15"", ""library"": ""langsmith"", ""platform"": ""macOS-26.4-arm64-arm-64bit-Mach-O"", ""py_implementation"": ""CPython"", ""runtime"": ""python"", ""runtime_version"": ""3.13.12"", ""sdk"": ""langsmith-py"", ""sdk_version"": ""0.7.30""}}, ""run_type"": ""chain"", ""id"": ""019d7e0d-a12c-7bf1-b522-6cb38a5ba6a4"", ""status"": ""success""}",success,,72.7694239616394,0,0,0.0,0.0,0.0,0.0,0.0,0.0,0.0,0.0,0.0
860a96d4-30e2-53ad-94ce-6326878ef217,"{""document_id"": ""d359b7e3900a7bb1d54a3710449422fc.pdf""}","{""term"": ""1_year"", ""party"": [{""name"": ""Anchor_Bancorp""}, {""name"": ""Joel_S._Lawson_Iv""}, {""name"": ""Varonica_S._Ragan""}], ""jurisdiction"": ""Washington"", ""effective_date"": ""2015-12-08""}",gpt-lite-single_pass-text-e2642fb3,1,"{""_char_count"": 17309, ""_page_count"": 5, ""effective_date"": ""2015-12-08"", ""jurisdiction"": ""Washington"", ""party"": [{""name"": ""Anchor_Bancorp""}, {""name"": ""Varonica_S._Ragan""}, {""name"": ""Joel_S._Lawson_IV""}], ""term"": ""1_year""}","{""inputs"": {""document_id"": ""d359b7e3900a7bb1d54a3710449422fc.pdf""}, ""outputs"": {""_char_count"": 17309, ""_page_count"": 5, ""effective_date"": ""2015-12-08"", ""jurisdiction"": ""Washington"", ""party"": [{""name"": ""Anchor_Bancorp""}, {""name"": ""Varonica_S._Ragan""}, {""name"": ""Joel_S._Lawson_IV""}], ""term"": ""1_year""}, ""session_id"": ""d64bc366-59fa-46dc-bfef-ebfff4ead222"", ""error"": null, ""extra"": {""metadata"": {""LANGSMITH_ENDPOINT"": ""https://api.smith.langchain.com"", ""LANGSMITH_PROJECT"": ""agentic-kie-evals"", ""LANGSMITH_TRACING"": ""true"", ""__ls_runner"": ""py_sdk_evaluate"", ""example_version"": ""2026-04-11T14:27:50.429277+00:00"", ""ls_example_dataset_split"": [""dev""], ""ls_example_partition"": ""dev-0"", ""ls_example_source"": ""kleister-nda"", ""ls_method"": ""traceable"", ""ls_run_depth"": 0, ""modality"": ""text"", ""model_name"": ""gpt"", ""num_repetitions"": 1, ""revision_id"": ""dc70dde"", ""strategy"": ""single_pass""}, ""runtime"": {""langchain_core_version"": ""1.2.28"", ""langchain_version"": ""1.2.15"", ""library"": ""langsmith"", ""platform"": ""macOS-26.4-arm64-arm-64bit-Mach-O"", ""py_implementation"": ""CPython"", ""runtime"": ""python"", ""runtime_version"": ""3.13.12"", ""sdk"": ""langsmith-py"", ""sdk_version"": ""0.7.30""}}, ""run_type"": ""chain"", ""id"": ""019d7e0d-4d57-7782-89cf-084d067e0f04"", ""status"": ""success""}",success,,1.0385668277740479,4085,0.0032775,1.0,1.0,1.0,1.0,1.0,1.0,1.0,1.0,1.0
88e2ae55-c9ae-5124-80a3-0578fa8dd2aa,"{""document_id"": ""d2ab0e93655331571e34090f0a6abbdd.pdf""}","{""term"": ""3_years"", ""party"": [{""name"": ""Curtiss-Wright_Controls_Inc.""}, {""name"": ""Williams_Controls_Inc.""}], ""jurisdiction"": ""Delaware"", ""effective_date"": ""2012-07-05""}",gpt-lite-single_pass-text-e2642fb3,1,"{""_char_count"": 32159, ""_page_count"": 11, ""effective_date"": ""2012-07-05"", ""jurisdiction"": ""Delaware"", ""party"": [{""name"": ""Williams_Controls_Inc.""}, {""name"": ""Curtiss-Wright_Controls_Inc.""}], ""term"": ""3_years""}","{""inputs"": {""document_id"": ""d2ab0e93655331571e34090f0a6abbdd.pdf""}, ""outputs"": {""_char_count"": 32159, ""_page_count"": 11, ""effective_date"": ""2012-07-05"", ""jurisdiction"": ""Delaware"", ""party"": [{""name"": ""Williams_Controls_Inc.""}, {""name"": ""Curtiss-Wright_Controls_Inc.""}], ""term"": ""3_years""}, ""session_id"": ""d64bc366-59fa-46dc-bfef-ebfff4ead222"", ""error"": null, ""extra"": {""metadata"": {""LANGSMITH_ENDPOINT"": ""https://api.smith.langchain.com"", ""LANGSMITH_PROJECT"": ""agentic-kie-evals"", ""LANGSMITH_TRACING"": ""true"", ""__ls_runner"": ""py_sdk_evaluate"", ""example_version"": ""2026-04-11T14:27:50.429277+00:00"", ""ls_example_dataset_split"": [""dev""], ""ls_example_partition"": ""dev-0"", ""ls_example_source"": ""kleister-nda"", ""ls_method"": ""traceable"", ""ls_run_depth"": 0, ""modality"": ""text"", ""model_name"": ""gpt"", ""num_repetitions"": 1, ""revision_id"": ""dc70dde"", ""strategy"": ""single_pass""}, ""runtime"": {""langchain_core_version"": ""1.2.28"", ""langchain_version"": ""1.2.15"", ""library"": ""langsmith"", ""platform"": ""macOS-26.4-arm64-arm-64bit-Mach-O"", ""py_implementation"": ""CPython"", ""runtime"": ""python"", ""runtime_version"": ""3.13.12"", ""sdk"": ""langsmith-py"", ""sdk_version"": ""0.7.30""}}, ""run_type"": ""chain"", ""id"": ""019d7e0d-515d-7573-8e84-76c38f42c575"", ""status"": ""success""}",success,,1.4676179885864258,7324,0.00569925,1.0,1.0,1.0,1.0,1.0,1.0,1.0,1.0,1.0
8d47cc50-2b5f-58ea-b132-7858933e4e56,"{""document_id"": ""a39eb99d4f92d453a942900c78205171.pdf""}","{""term"": null, ""party"": [{""name"": ""Lightwave_Logic_Inc.""}, {""name"": ""Ronald_A._Bucchi""}], ""jurisdiction"": ""Delaware"", ""effective_date"": ""2012-06-11""}",gpt-lite-single_pass-text-e2642fb3,1,"{""_char_count"": 12902, ""_page_count"": 8, ""effective_date"": ""2012-06-11"", ""jurisdiction"": ""Delaware"", ""party"": [{""name"": ""Lightwave_Logic_Inc.""}, {""name"": ""Ronald_A._Bucchi""}], ""term"": null}","{""inputs"": {""document_id"": ""a39eb99d4f92d453a942900c78205171.pdf""}, ""outputs"": {""_char_count"": 12902, ""_page_count"": 8, ""effective_date"": ""2012-06-11"", ""jurisdiction"": ""Delaware"", ""party"": [{""name"": ""Lightwave_Logic_Inc.""}, {""name"": ""Ronald_A._Bucchi""}], ""term"": null}, ""session_id"": ""d64bc366-59fa-46dc-bfef-ebfff4ead222"", ""error"": null, ""extra"": {""metadata"": {""LANGSMITH_ENDPOINT"": ""https://api.smith.langchain.com"", ""LANGSMITH_PROJECT"": ""agentic-kie-evals"", ""LANGSMITH_TRACING"": ""true"", ""__ls_runner"": ""py_sdk_evaluate"", ""example_version"": ""2026-04-11T14:27:47.469735+00:00"", ""ls_example_dataset_split"": [""dev""], ""ls_example_partition"": ""dev-0"", ""ls_example_source"": ""kleister-nda"", ""ls_method"": ""traceable"", ""ls_run_depth"": 0, ""modality"": ""text"", ""model_name"": ""gpt"", ""num_repetitions"": 1, ""revision_id"": ""dc70dde"", ""strategy"": ""single_pass""}, ""runtime"": {""langchain_core_version"": ""1.2.28"", ""langchain_version"": ""1.2.15"", ""library"": ""langsmith"", ""platform"": ""macOS-26.4-arm64-arm-64bit-Mach-O"", ""py_implementation"": ""CPython"", ""runtime"": ""python"", ""runtime_version"": ""3.13.12"", ""sdk"": ""langsmith-py"", ""sdk_version"": ""0.7.30""}}, ""run_type"": ""chain"", ""id"": ""019d7e0d-7608-7002-82a2-e8f4a41591c3"", ""status"": ""success""}",success,,0.963651180267334,3423,0.00276225,1.0,1.0,1.0,1.0,1.0,1.0,1.0,1.0,1.0
8d9bd2c9-24b8-5db1-b63e-9aaaff93d5f4,"{""document_id"": ""e27493a33c9ed1e83afb03814033d23c.pdf""}","{""term"": null, ""party"": [{""name"": ""Skyworks_Solutions_Inc.""}, {""name"": ""Richard_K._Williams""}], ""jurisdiction"": ""California"", ""effective_date"": ""2011-05-26""}",gpt-lite-single_pass-text-e2642fb3,1,"{""_char_count"": 22817, ""_page_count"": 9, ""effective_date"": ""2011-05-26"", ""jurisdiction"": ""California"", ""party"": [{""name"": ""Skyworks_Solutions_Inc.""}, {""name"": ""Richard_K._Williams""}], ""term"": null}","{""inputs"": {""document_id"": ""e27493a33c9ed1e83afb03814033d23c.pdf""}, ""outputs"": {""_char_count"": 22817, ""_page_count"": 9, ""effective_date"": ""2011-05-26"", ""jurisdiction"": ""California"", ""party"": [{""name"": ""Skyworks_Solutions_Inc.""}, {""name"": ""Richard_K._Williams""}], ""term"": null}, ""session_id"": ""d64bc366-59fa-46dc-bfef-ebfff4ead222"", ""error"": null, ""extra"": {""metadata"": {""LANGSMITH_ENDPOINT"": ""https://api.smith.langchain.com"", ""LANGSMITH_PROJECT"": ""agentic-kie-evals"", ""LANGSMITH_TRACING"": ""true"", ""__ls_runner"": ""py_sdk_evaluate"", ""example_version"": ""2026-04-11T14:27:50.429277+00:00"", ""ls_example_dataset_split"": [""dev""], ""ls_example_partition"": ""dev-0"", ""ls_example_source"": ""kleister-nda"", ""ls_method"": ""traceable"", ""ls_run_depth"": 0, ""modality"": ""text"", ""model_name"": ""gpt"", ""num_repetitions"": 1, ""revision_id"": ""dc70dde"", ""strategy"": ""single_pass""}, ""runtime"": {""langchain_core_version"": ""1.2.28"", ""langchain_version"": ""1.2.15"", ""library"": ""langsmith"", ""platform"": ""macOS-26.4-arm64-arm-64bit-Mach-O"", ""py_implementation"": ""CPython"", ""runtime"": ""python"", ""runtime_version"": ""3.13.12"", ""sdk"": ""langsmith-py"", ""sdk_version"": ""0.7.30""}}, ""run_type"": ""chain"", ""id"": ""019d7e0d-5166-7012-a31b-1bba212ba22f"", ""status"": ""success""}",success,,1.0489089488983154,5369,0.00420675,1.0,1.0,1.0,1.0,1.0,1.0,1.0,1.0,1.0
8fdc6f8a-c17e-54d5-bb24-9743a3f654b5,"{""document_id"": ""3aeb57dd3d0c179a03480b814b66fb08.pdf""}","{""term"": ""2_years"", ""party"": [{""name"": ""Virgin_Mobile_Usa_LLC""}], ""jurisdiction"": ""New_York"", ""effective_date"": null}",gpt-lite-single_pass-text-e2642fb3,1,"{""_char_count"": 12441, ""_page_count"": 4, ""effective_date"": null, ""jurisdiction"": ""New_York"", ""party"": [{""name"": ""Virgin_Mobile_USA_LLC""}, {""name"": ""Company""}], ""term"": ""2_years""}","{""inputs"": {""document_id"": ""3aeb57dd3d0c179a03480b814b66fb08.pdf""}, ""outputs"": {""_char_count"": 12441, ""_page_count"": 4, ""effective_date"": null, ""jurisdiction"": ""New_York"", ""party"": [{""name"": ""Virgin_Mobile_USA_LLC""}, {""name"": ""Company""}], ""term"": ""2_years""}, ""session_id"": ""d64bc366-59fa-46dc-bfef-ebfff4ead222"", ""error"": null, ""extra"": {""metadata"": {""LANGSMITH_ENDPOINT"": ""https://api.smith.langchain.com"", ""LANGSMITH_PROJECT"": ""agentic-kie-evals"", ""LANGSMITH_TRACING"": ""true"", ""__ls_runner"": ""py_sdk_evaluate"", ""example_version"": ""2026-04-11T14:27:42.293905+00:00"", ""ls_example_dataset_split"": [""dev""], ""ls_example_partition"": ""dev-0"", ""ls_example_source"": ""kleister-nda"", ""ls_method"": ""traceable"", ""ls_run_depth"": 0, ""modality"": ""text"", ""model_name"": ""gpt"", ""num_repetitions"": 1, ""revision_id"": ""dc70dde"", ""strategy"": ""single_pass""}, ""runtime"": {""langchain_core_version"": ""1.2.28"", ""langchain_version"": ""1.2.15"", ""library"": ""langsmith"", ""platform"": ""macOS-26.4-arm64-arm-64bit-Mach-O"", ""py_implementation"": ""CPython"", ""runtime"": ""python"", ""runtime_version"": ""3.13.12"", ""sdk"": ""langsmith-py"", ""sdk_version"": ""0.7.30""}}, ""run_type"": ""chain"", ""id"": ""019d7e0d-f7dc-7bb1-b998-4d2bf50c0d4f"", ""status"": ""success""}",success,,0.8707900047302246,3041,0.002442,1.0,0.9167,1.0,0.6667,1.0,0.9167,1.0,0.6667,1.0
9002daf6-3311-50a9-a283-b8ddbdb04af0,"{""document_id"": ""52d16f549c8c3f0b2a1ebab40576f4dc.pdf""}","{""term"": null, ""party"": [{""name"": ""Jda_Software_Inc.""}, {""name"": ""Compuware_Corporation""}], ""jurisdiction"": ""Arizona"", ""effective_date"": null}",gpt-lite-single_pass-text-e2642fb3,1,"{""_char_count"": 9807, ""_page_count"": 1, ""effective_date"": null, ""jurisdiction"": ""Arizona"", ""party"": [{""name"": ""JDA_SOFTWARE_INC.""}, {""name"": ""COMPUWARE_CORPORATION""}], ""term"": null}","{""inputs"": {""document_id"": ""52d16f549c8c3f0b2a1ebab40576f4dc.pdf""}, ""outputs"": {""_char_count"": 9807, ""_page_count"": 1, ""effective_date"": null, ""jurisdiction"": ""Arizona"", ""party"": [{""name"": ""JDA_SOFTWARE_INC.""}, {""name"": ""COMPUWARE_CORPORATION""}], ""term"": null}, ""session_id"": ""d64bc366-59fa-46dc-bfef-ebfff4ead222"", ""error"": null, ""extra"": {""metadata"": {""LANGSMITH_ENDPOINT"": ""https://api.smith.langchain.com"", ""LANGSMITH_PROJECT"": ""agentic-kie-evals"", ""LANGSMITH_TRACING"": ""true"", ""__ls_runner"": ""py_sdk_evaluate"", ""example_version"": ""2026-04-11T14:27:44.810791+00:00"", ""ls_example_dataset_split"": [""dev""], ""ls_example_partition"": ""dev-0"", ""ls_example_source"": ""kleister-nda"", ""ls_method"": ""traceable"", ""ls_run_depth"": 0, ""modality"": ""text"", ""model_name"": ""gpt"", ""num_repetitions"": 1, ""revision_id"": ""dc70dde"", ""strategy"": ""single_pass""}, ""runtime"": {""langchain_core_version"": ""1.2.28"", ""langchain_version"": ""1.2.15"", ""library"": ""langsmith"", ""platform"": ""macOS-26.4-arm64-arm-64bit-Mach-O"", ""py_implementation"": ""CPython"", ""runtime"": ""python"", ""runtime_version"": ""3.13.12"", ""sdk"": ""langsmith-py"", ""sdk_version"": ""0.7.30""}}, ""run_type"": ""chain"", ""id"": ""019d7e0d-a422-76c3-bb14-906f1abe1b5b"", ""status"": ""success""}",success,,0.8194530010223389,2538,0.00207225,1.0,1.0,1.0,1.0,1.0,1.0,1.0,1.0,1.0
90519e24-311f-5807-b096-4f154f215ffc,"{""document_id"": ""5fa6579440892c888a68fb053f30b58e.pdf""}","{""term"": ""2_years"", ""party"": [{""name"": ""Kbs_Capital_Advisors_LLC""}], ""jurisdiction"": ""California"", ""effective_date"": null}",gpt-lite-single_pass-text-e2642fb3,1,"{""_char_count"": 14977, ""_page_count"": 4, ""effective_date"": null, ""jurisdiction"": ""California"", ""party"": [{""name"": ""KBSIII_REIT_Acquisition_VII_LLC""}, {""name"": ""KBS_Limited_Partnership_III""}, {""name"": ""KBS_Real_Estate_Investment_Trust_III_Inc.""}, {""name"": ""KBS_Capital_Advisors_LLC""}, {""name"": """"}], ""term"": ""2_years""}","{""inputs"": {""document_id"": ""5fa6579440892c888a68fb053f30b58e.pdf""}, ""outputs"": {""_char_count"": 14977, ""_page_count"": 4, ""effective_date"": null, ""jurisdiction"": ""California"", ""party"": [{""name"": ""KBSIII_REIT_Acquisition_VII_LLC""}, {""name"": ""KBS_Limited_Partnership_III""}, {""name"": ""KBS_Real_Estate_Investment_Trust_III_Inc.""}, {""name"": ""KBS_Capital_Advisors_LLC""}, {""name"": """"}], ""term"": ""2_years""}, ""session_id"": ""d64bc366-59fa-46dc-bfef-ebfff4ead222"", ""error"": null, ""extra"": {""metadata"": {""LANGSMITH_ENDPOINT"": ""https://api.smith.langchain.com"", ""LANGSMITH_PROJECT"": ""agentic-kie-evals"", ""LANGSMITH_TRACING"": ""true"", ""__ls_runner"": ""py_sdk_evaluate"", ""example_version"": ""2026-04-11T14:27:44.810791+00:00"", ""ls_example_dataset_split"": [""dev""], ""ls_example_partition"": ""dev-0"", ""ls_example_source"": ""kleister-nda"", ""ls_method"": ""traceable"", ""ls_run_depth"": 0, ""modality"": ""text"", ""model_name"": ""gpt"", ""num_repetitions"": 1, ""revision_id"": ""dc70dde"", ""strategy"": ""single_pass""}, ""runtime"": {""langchain_core_version"": ""1.2.28"", ""langchain_version"": ""1.2.15"", ""library"": ""langsmith"", ""platform"": ""macOS-26.4-arm64-arm-64bit-Mach-O"", ""py_implementation"": ""CPython"", ""runtime"": ""python"", ""runtime_version"": ""3.13.12"", ""sdk"": ""langsmith-py"", ""sdk_version"": ""0.7.30""}}, ""run_type"": ""chain"", ""id"": ""019d7e0d-a756-71f2-b025-8b0fe7c946d8"", ""status"": ""success""}",success,,2.1854610443115234,3864,0.00323925,1.0,0.85,1.0,0.4,1.0,0.85,1.0,0.4,1.0
99f1cde4-54ec-597c-b0c6-621f6ed3b860,"{""document_id"": ""b443bb48b9961da261c46fad8d9e84b0.pdf""}","{""term"": ""9_months"", ""party"": [{""name"": ""Orchestra-Prémaman_Sa""}, {""name"": ""Destination_Maternity_Corporation""}], ""jurisdiction"": ""Delaware"", ""effective_date"": ""2016-03-15""}",gpt-lite-single_pass-text-e2642fb3,1,"{""_char_count"": 19999, ""_page_count"": 6, ""effective_date"": ""2016-03-15"", ""jurisdiction"": ""Delaware"", ""party"": [{""name"": ""Destination_Maternity_Corporation""}, {""name"": ""Orchestra-Prémaman_S.A.""}], ""term"": ""10_months""}","{""inputs"": {""document_id"": ""b443bb48b9961da261c46fad8d9e84b0.pdf""}, ""outputs"": {""_char_count"": 19999, ""_page_count"": 6, ""effective_date"": ""2016-03-15"", ""jurisdiction"": ""Delaware"", ""party"": [{""name"": ""Destination_Maternity_Corporation""}, {""name"": ""Orchestra-Prémaman_S.A.""}], ""term"": ""10_months""}, ""session_id"": ""d64bc366-59fa-46dc-bfef-ebfff4ead222"", ""error"": null, ""extra"": {""metadata"": {""LANGSMITH_ENDPOINT"": ""https://api.smith.langchain.com"", ""LANGSMITH_PROJECT"": ""agentic-kie-evals"", ""LANGSMITH_TRACING"": ""true"", ""__ls_runner"": ""py_sdk_evaluate"", ""example_version"": ""2026-04-11T14:27:47.469735+00:00"", ""ls_example_dataset_split"": [""dev""], ""ls_example_partition"": ""dev-0"", ""ls_example_source"": ""kleister-nda"", ""ls_method"": ""traceable"", ""ls_run_depth"": 0, ""modality"": ""text"", ""model_name"": ""gpt"", ""num_repetitions"": 1, ""revision_id"": ""dc70dde"", ""strategy"": ""single_pass""}, ""runtime"": {""langchain_core_version"": ""1.2.28"", ""langchain_version"": ""1.2.15"", ""library"": ""langsmith"", ""platform"": ""macOS-26.4-arm64-arm-64bit-Mach-O"", ""py_implementation"": ""CPython"", ""runtime"": ""python"", ""runtime_version"": ""3.13.12"", ""sdk"": ""langsmith-py"", ""sdk_version"": ""0.7.30""}}, ""run_type"": ""chain"", ""id"": ""019d7e0d-7858-7830-8f87-0bc31e1f0631"", ""status"": ""success""}",success,,24.054858922958374,4751,0.0008544,1.0,0.625,1.0,0.5,0.0,0.75,1.0,1.0,0.0
9dca205c-37d7-5db4-8845-d6406fe03a8d,"{""document_id"": ""bf9870984bc50bc7044b931590791ca6.pdf""}","{""term"": null, ""party"": [{""name"": ""Wizard_World_Inc.""}, {""name"": ""John_D._Maatta""}], ""jurisdiction"": ""New_York"", ""effective_date"": ""2016-05-03""}",gpt-lite-single_pass-text-e2642fb3,1,"{""_char_count"": 8516, ""_page_count"": 5, ""effective_date"": ""2016-05-03"", ""jurisdiction"": ""New_York"", ""party"": [{""name"": ""Wizard_World_Inc.""}, {""name"": ""John_D._Maatta""}], ""term"": null}","{""inputs"": {""document_id"": ""bf9870984bc50bc7044b931590791ca6.pdf""}, ""outputs"": {""_char_count"": 8516, ""_page_count"": 5, ""effective_date"": ""2016-05-03"", ""jurisdiction"": ""New_York"", ""party"": [{""name"": ""Wizard_World_Inc.""}, {""name"": ""John_D._Maatta""}], ""term"": null}, ""session_id"": ""d64bc366-59fa-46dc-bfef-ebfff4ead222"", ""error"": null, ""extra"": {""metadata"": {""LANGSMITH_ENDPOINT"": ""https://api.smith.langchain.com"", ""LANGSMITH_PROJECT"": ""agentic-kie-evals"", ""LANGSMITH_TRACING"": ""true"", ""__ls_runner"": ""py_sdk_evaluate"", ""example_version"": ""2026-04-11T14:27:50.429277+00:00"", ""ls_example_dataset_split"": [""dev""], ""ls_example_partition"": ""dev-0"", ""ls_example_source"": ""kleister-nda"", ""ls_method"": ""traceable"", ""ls_run_depth"": 0, ""modality"": ""text"", ""model_name"": ""gpt"", ""num_repetitions"": 1, ""revision_id"": ""dc70dde"", ""strategy"": ""single_pass""}, ""runtime"": {""langchain_core_version"": ""1.2.28"", ""langchain_version"": ""1.2.15"", ""library"": ""langsmith"", ""platform"": ""macOS-26.4-arm64-arm-64bit-Mach-O"", ""py_implementation"": ""CPython"", ""runtime"": ""python"", ""runtime_version"": ""3.13.12"", ""sdk"": ""langsmith-py"", ""sdk_version"": ""0.7.30""}}, ""run_type"": ""chain"", ""id"": ""019d7e0d-557f-7372-b987-14c77ff9ca1c"", ""status"": ""success""}",success,,1.023853063583374,2437,0.002019,1.0,1.0,1.0,1.0,1.0,1.0,1.0,1.0,1.0
a118b021-d7f8-573c-823d-ad5f4d71fe27,"{""document_id"": ""f4c39490e63ee60b91f354c6b00a413b.pdf""}","{""term"": ""1_year"", ""party"": [{""name"": ""Alder_Biopharmaceuticals_Inc.""}, {""name"": ""H._Lundbeck_A/S""}], ""jurisdiction"": ""Washington"", ""effective_date"": null}",gpt-lite-single_pass-text-e2642fb3,1,"{""_char_count"": 18273, ""_page_count"": 5, ""effective_date"": ""2014-07-08"", ""jurisdiction"": ""Washington"", ""party"": [{""name"": ""Alder_BioPharmaceuticals_Inc.""}, {""name"": ""H._Lundbeck_A/S""}], ""term"": ""1_year""}","{""inputs"": {""document_id"": ""f4c39490e63ee60b91f354c6b00a413b.pdf""}, ""outputs"": {""_char_count"": 18273, ""_page_count"": 5, ""effective_date"": ""2014-07-08"", ""jurisdiction"": ""Washington"", ""party"": [{""name"": ""Alder_BioPharmaceuticals_Inc.""}, {""name"": ""H._Lundbeck_A/S""}], ""term"": ""1_year""}, ""session_id"": ""d64bc366-59fa-46dc-bfef-ebfff4ead222"", ""error"": null, ""extra"": {""metadata"": {""LANGSMITH_ENDPOINT"": ""https://api.smith.langchain.com"", ""LANGSMITH_PROJECT"": ""agentic-kie-evals"", ""LANGSMITH_TRACING"": ""true"", ""__ls_runner"": ""py_sdk_evaluate"", ""example_version"": ""2026-04-11T14:27:51.059084+00:00"", ""ls_example_dataset_split"": [""dev""], ""ls_example_partition"": ""dev-0"", ""ls_example_source"": ""kleister-nda"", ""ls_method"": ""traceable"", ""ls_run_depth"": 0, ""modality"": ""text"", ""model_name"": ""gpt"", ""num_repetitions"": 1, ""revision_id"": ""dc70dde"", ""strategy"": ""single_pass""}, ""runtime"": {""langchain_core_version"": ""1.2.28"", ""langchain_version"": ""1.2.15"", ""library"": ""langsmith"", ""platform"": ""macOS-26.4-arm64-arm-64bit-Mach-O"", ""py_implementation"": ""CPython"", ""runtime"": ""python"", ""runtime_version"": ""3.13.12"", ""sdk"": ""langsmith-py"", ""sdk_version"": ""0.7.30""}}, ""run_type"": ""chain"", ""id"": ""019d7e0d-33b2-7e50-a12e-bb29dbe06b8d"", ""status"": ""success""}",success,,2.0184409618377686,4461,0.003552,0.0,0.75,1.0,1.0,1.0,0.75,1.0,1.0,1.0
a28b68cf-0dae-562d-a53e-65640f8b6933,"{""document_id"": ""9c05001246961d7ebcaa6e1758c808e6.pdf""}","{""term"": ""2_years"", ""party"": [{""name"": ""Unionbancal_Corporation""}, {""name"": ""The_Bank_Of_Tokyo-Mitsubishi_Ufj""}], ""jurisdiction"": ""Delaware"", ""effective_date"": ""2008-07-02""}",gpt-lite-single_pass-text-e2642fb3,1,"{""_char_count"": 16947, ""_page_count"": 8, ""effective_date"": ""2008-07-02"", ""jurisdiction"": ""Delaware"", ""party"": [{""name"": ""UnionBanCal_Corporation""}, {""name"": ""The_Bank_of_Tokyo-Mitsubishi_UFJ_Ltd.""}], ""term"": ""2_years""}","{""inputs"": {""document_id"": ""9c05001246961d7ebcaa6e1758c808e6.pdf""}, ""outputs"": {""_char_count"": 16947, ""_page_count"": 8, ""effective_date"": ""2008-07-02"", ""jurisdiction"": ""Delaware"", ""party"": [{""name"": ""UnionBanCal_Corporation""}, {""name"": ""The_Bank_of_Tokyo-Mitsubishi_UFJ_Ltd.""}], ""term"": ""2_years""}, ""session_id"": ""d64bc366-59fa-46dc-bfef-ebfff4ead222"", ""error"": null, ""extra"": {""metadata"": {""LANGSMITH_ENDPOINT"": ""https://api.smith.langchain.com"", ""LANGSMITH_PROJECT"": ""agentic-kie-evals"", ""LANGSMITH_TRACING"": ""true"", ""__ls_runner"": ""py_sdk_evaluate"", ""example_version"": ""2026-04-11T14:27:47.469735+00:00"", ""ls_example_dataset_split"": [""dev""], ""ls_example_partition"": ""dev-0"", ""ls_example_source"": ""kleister-nda"", ""ls_method"": ""traceable"", ""ls_run_depth"": 0, ""modality"": ""text"", ""model_name"": ""gpt"", ""num_repetitions"": 1, ""revision_id"": ""dc70dde"", ""strategy"": ""single_pass""}, ""runtime"": {""langchain_core_version"": ""1.2.28"", ""langchain_version"": ""1.2.15"", ""library"": ""langsmith"", ""platform"": ""macOS-26.4-arm64-arm-64bit-Mach-O"", ""py_implementation"": ""CPython"", ""runtime"": ""python"", ""runtime_version"": ""3.13.12"", ""sdk"": ""langsmith-py"", ""sdk_version"": ""0.7.30""}}, ""run_type"": ""chain"", ""id"": ""019d7e0d-79cc-7801-94b0-fefa23c7e0a8"", ""status"": ""success""}",success,,0.9264202117919922,4301,0.00345825,1.0,0.875,1.0,0.5,1.0,1.0,1.0,1.0,1.0
abcaec63-09bd-595b-84e9-1ff8981c454f,"{""document_id"": ""5089dc0cb013e46c3f9e21a2531504ed.pdf""}","{""term"": ""1_year"", ""party"": [{""name"": ""Integrated_Device_Technology_Inc.""}, {""name"": ""Plx_Technology_Inc.""}], ""jurisdiction"": ""California"", ""effective_date"": ""2012-03-31""}",gpt-lite-single_pass-text-e2642fb3,1,"{""_char_count"": 14525, ""_page_count"": 5, ""effective_date"": ""2012-03-31"", ""jurisdiction"": ""California"", ""party"": [{""name"": ""Integrated_Device_Technology_Inc.""}, {""name"": ""PLX_Technology_Inc.""}], ""term"": ""1_year""}","{""inputs"": {""document_id"": ""5089dc0cb013e46c3f9e21a2531504ed.pdf""}, ""outputs"": {""_char_count"": 14525, ""_page_count"": 5, ""effective_date"": ""2012-03-31"", ""jurisdiction"": ""California"", ""party"": [{""name"": ""Integrated_Device_Technology_Inc.""}, {""name"": ""PLX_Technology_Inc.""}], ""term"": ""1_year""}, ""session_id"": ""d64bc366-59fa-46dc-bfef-ebfff4ead222"", ""error"": null, ""extra"": {""metadata"": {""LANGSMITH_ENDPOINT"": ""https://api.smith.langchain.com"", ""LANGSMITH_PROJECT"": ""agentic-kie-evals"", ""LANGSMITH_TRACING"": ""true"", ""__ls_runner"": ""py_sdk_evaluate"", ""example_version"": ""2026-04-11T14:27:44.810791+00:00"", ""ls_example_dataset_split"": [""dev""], ""ls_example_partition"": ""dev-0"", ""ls_example_source"": ""kleister-nda"", ""ls_method"": ""traceable"", ""ls_run_depth"": 0, ""modality"": ""text"", ""model_name"": ""gpt"", ""num_repetitions"": 1, ""revision_id"": ""dc70dde"", ""strategy"": ""single_pass""}, ""runtime"": {""langchain_core_version"": ""1.2.28"", ""langchain_version"": ""1.2.15"", ""library"": ""langsmith"", ""platform"": ""macOS-26.4-arm64-arm-64bit-Mach-O"", ""py_implementation"": ""CPython"", ""runtime"": ""python"", ""runtime_version"": ""3.13.12"", ""sdk"": ""langsmith-py"", ""sdk_version"": ""0.7.30""}}, ""run_type"": ""chain"", ""id"": ""019d7e0d-afe0-7220-adb3-520fd592eb6e"", ""status"": ""success""}",success,,1.0385138988494873,3542,0.0028665,1.0,1.0,1.0,1.0,1.0,1.0,1.0,1.0,1.0
ad51ab33-b38f-5605-bb25-f127d3ef995e,"{""document_id"": ""11d0a5b1f6e460c7033d57661026d00c.pdf""}","{""term"": ""3_years"", ""party"": [{""name"": ""Auspex_Pharmaceuticals""}, {""name"": ""Teva_Pharmaceutical_Industries_Ltd.""}], ""jurisdiction"": ""Delaware"", ""effective_date"": ""2015-03-01""}",gpt-lite-single_pass-text-e2642fb3,1,"{""_char_count"": 27296, ""_page_count"": 10, ""effective_date"": ""2015-03-01"", ""jurisdiction"": ""Delaware"", ""party"": [{""name"": ""AUSPEX_PHARMACEUTICALS""}, {""name"": ""TEVA_PHARMACEUTICAL_INDUSTRIES_LTD.""}], ""term"": ""3_years""}","{""inputs"": {""document_id"": ""11d0a5b1f6e460c7033d57661026d00c.pdf""}, ""outputs"": {""_char_count"": 27296, ""_page_count"": 10, ""effective_date"": ""2015-03-01"", ""jurisdiction"": ""Delaware"", ""party"": [{""name"": ""AUSPEX_PHARMACEUTICALS""}, {""name"": ""TEVA_PHARMACEUTICAL_INDUSTRIES_LTD.""}], ""term"": ""3_years""}, ""session_id"": ""d64bc366-59fa-46dc-bfef-ebfff4ead222"", ""error"": null, ""extra"": {""metadata"": {""LANGSMITH_ENDPOINT"": ""https://api.smith.langchain.com"", ""LANGSMITH_PROJECT"": ""agentic-kie-evals"", ""LANGSMITH_TRACING"": ""true"", ""__ls_runner"": ""py_sdk_evaluate"", ""example_version"": ""2026-04-11T14:27:42.293905+00:00"", ""ls_example_dataset_split"": [""dev""], ""ls_example_partition"": ""dev-0"", ""ls_example_source"": ""kleister-nda"", ""ls_method"": ""traceable"", ""ls_run_depth"": 0, ""modality"": ""text"", ""model_name"": ""gpt"", ""num_repetitions"": 1, ""revision_id"": ""dc70dde"", ""strategy"": ""single_pass""}, ""runtime"": {""langchain_core_version"": ""1.2.28"", ""langchain_version"": ""1.2.15"", ""library"": ""langsmith"", ""platform"": ""macOS-26.4-arm64-arm-64bit-Mach-O"", ""py_implementation"": ""CPython"", ""runtime"": ""python"", ""runtime_version"": ""3.13.12"", ""sdk"": ""langsmith-py"", ""sdk_version"": ""0.7.30""}}, ""run_type"": ""chain"", ""id"": ""019d7e0d-fb44-73f3-bc9a-804611462965"", ""status"": ""success""}",success,,1.0366239547729492,6148,0.00484725,1.0,1.0,1.0,1.0,1.0,1.0,1.0,1.0,1.0
b27e4dba-4eae-5559-8f8f-930de3be0d38,"{""document_id"": ""7e7d64c4020fe273508f203e609b8ad8.pdf""}","{""term"": ""2_years"", ""party"": [{""name"": ""Allis-Chalmers_Energy_Inc.""}, {""name"": ""Seawell_Ltd.""}], ""jurisdiction"": ""Texas"", ""effective_date"": ""2010-06-23""}",gpt-lite-single_pass-text-e2642fb3,1,"{""_char_count"": 26122, ""_page_count"": 13, ""effective_date"": ""2010-06-23"", ""jurisdiction"": ""Texas"", ""party"": [{""name"": ""Allis-Chalmers_Energy_Inc.""}, {""name"": ""Seawell_Limited""}], ""term"": ""2_years""}","{""inputs"": {""document_id"": ""7e7d64c4020fe273508f203e609b8ad8.pdf""}, ""outputs"": {""_char_count"": 26122, ""_page_count"": 13, ""effective_date"": ""2010-06-23"", ""jurisdiction"": ""Texas"", ""party"": [{""name"": ""Allis-Chalmers_Energy_Inc.""}, {""name"": ""Seawell_Limited""}], ""term"": ""2_years""}, ""session_id"": ""d64bc366-59fa-46dc-bfef-ebfff4ead222"", ""error"": null, ""extra"": {""metadata"": {""LANGSMITH_ENDPOINT"": ""https://api.smith.langchain.com"", ""LANGSMITH_PROJECT"": ""agentic-kie-evals"", ""LANGSMITH_TRACING"": ""true"", ""__ls_runner"": ""py_sdk_evaluate"", ""example_version"": ""2026-04-11T14:27:47.469735+00:00"", ""ls_example_dataset_split"": [""dev""], ""ls_example_partition"": ""dev-0"", ""ls_example_source"": ""kleister-nda"", ""ls_method"": ""traceable"", ""ls_run_depth"": 0, ""modality"": ""text"", ""model_name"": ""gpt"", ""num_repetitions"": 1, ""revision_id"": ""dc70dde"", ""strategy"": ""single_pass""}, ""runtime"": {""langchain_core_version"": ""1.2.28"", ""langchain_version"": ""1.2.15"", ""library"": ""langsmith"", ""platform"": ""macOS-26.4-arm64-arm-64bit-Mach-O"", ""py_implementation"": ""CPython"", ""runtime"": ""python"", ""runtime_version"": ""3.13.12"", ""sdk"": ""langsmith-py"", ""sdk_version"": ""0.7.30""}}, ""run_type"": ""chain"", ""id"": ""019d7e0d-7d6a-7773-a7d4-7ecc38b4f5bd"", ""status"": ""success""}",success,,0.9999020099639893,6089,0.00476925,1.0,0.875,1.0,0.5,1.0,0.875,1.0,0.5,1.0
b5a19b81-2aeb-5cae-83b4-07eeb9785c4a,"{""document_id"": ""b20bcd63938e6e0ec5128ece060d9748.pdf""}","{""term"": null, ""party"": [{""name"": ""Contran_Corporation""}, {""name"": ""Precision_Castparts_Corp.""}], ""jurisdiction"": null, ""effective_date"": ""2012-09-20""}",gpt-lite-single_pass-text-e2642fb3,1,"{""_char_count"": 1802, ""_page_count"": 1, ""effective_date"": ""2012-09-20"", ""jurisdiction"": ""Delaware"", ""party"": [{""name"": ""Contran_Corporation""}, {""name"": ""Precision_Castparts_Corp.""}], ""term"": null}","{""inputs"": {""document_id"": ""b20bcd63938e6e0ec5128ece060d9748.pdf""}, ""outputs"": {""_char_count"": 1802, ""_page_count"": 1, ""effective_date"": ""2012-09-20"", ""jurisdiction"": ""Delaware"", ""party"": [{""name"": ""Contran_Corporation""}, {""name"": ""Precision_Castparts_Corp.""}], ""term"": null}, ""session_id"": ""d64bc366-59fa-46dc-bfef-ebfff4ead222"", ""error"": null, ""extra"": {""metadata"": {""LANGSMITH_ENDPOINT"": ""https://api.smith.langchain.com"", ""LANGSMITH_PROJECT"": ""agentic-kie-evals"", ""LANGSMITH_TRACING"": ""true"", ""__ls_runner"": ""py_sdk_evaluate"", ""example_version"": ""2026-04-11T14:27:47.469735+00:00"", ""ls_example_dataset_split"": [""dev""], ""ls_example_partition"": ""dev-0"", ""ls_example_source"": ""kleister-nda"", ""ls_method"": ""traceable"", ""ls_run_depth"": 0, ""modality"": ""text"", ""model_name"": ""gpt"", ""num_repetitions"": 1, ""revision_id"": ""dc70dde"", ""strategy"": ""single_pass""}, ""runtime"": {""langchain_core_version"": ""1.2.28"", ""langchain_version"": ""1.2.15"", ""library"": ""langsmith"", ""platform"": ""macOS-26.4-arm64-arm-64bit-Mach-O"", ""py_implementation"": ""CPython"", ""runtime"": ""python"", ""runtime_version"": ""3.13.12"", ""sdk"": ""langsmith-py"", ""sdk_version"": ""0.7.30""}}, ""run_type"": ""chain"", ""id"": ""019d7e0d-8153-79c2-829e-016d50c9ea64"", ""status"": ""success""}",success,,0.8507320880889893,1063,0.00098475,1.0,0.75,0.0,1.0,1.0,0.75,0.0,1.0,1.0
b68694cc-44e7-5e65-8958-73530e72580e,"{""document_id"": ""5fef505c7e8c60c597f150f2f2976684.pdf""}","{""term"": ""1_year"", ""party"": [{""name"": ""Cafepress_Inc.""}, {""name"": ""District_Photo_Inc.""}], ""jurisdiction"": ""Kentucky"", ""effective_date"": ""2018-08-16""}",gpt-lite-single_pass-text-e2642fb3,1,"{""_char_count"": 9201, ""_page_count"": 3, ""effective_date"": ""2018-08-16"", ""jurisdiction"": ""Kentucky"", ""party"": [{""name"": ""CafePress_Inc.""}, {""name"": ""District_Photo_Inc.""}], ""term"": ""1_year""}","{""inputs"": {""document_id"": ""5fef505c7e8c60c597f150f2f2976684.pdf""}, ""outputs"": {""_char_count"": 9201, ""_page_count"": 3, ""effective_date"": ""2018-08-16"", ""jurisdiction"": ""Kentucky"", ""party"": [{""name"": ""CafePress_Inc.""}, {""name"": ""District_Photo_Inc.""}], ""term"": ""1_year""}, ""session_id"": ""d64bc366-59fa-46dc-bfef-ebfff4ead222"", ""error"": null, ""extra"": {""metadata"": {""LANGSMITH_ENDPOINT"": ""https://api.smith.langchain.com"", ""LANGSMITH_PROJECT"": ""agentic-kie-evals"", ""LANGSMITH_TRACING"": ""true"", ""__ls_runner"": ""py_sdk_evaluate"", ""example_version"": ""2026-04-11T14:27:44.810791+00:00"", ""ls_example_dataset_split"": [""dev""], ""ls_example_partition"": ""dev-0"", ""ls_example_source"": ""kleister-nda"", ""ls_method"": ""traceable"", ""ls_run_depth"": 0, ""modality"": ""text"", ""model_name"": ""gpt"", ""num_repetitions"": 1, ""revision_id"": ""dc70dde"", ""strategy"": ""single_pass""}, ""runtime"": {""langchain_core_version"": ""1.2.28"", ""langchain_version"": ""1.2.15"", ""library"": ""langsmith"", ""platform"": ""macOS-26.4-arm64-arm-64bit-Mach-O"", ""py_implementation"": ""CPython"", ""runtime"": ""python"", ""runtime_version"": ""3.13.12"", ""sdk"": ""langsmith-py"", ""sdk_version"": ""0.7.30""}}, ""run_type"": ""chain"", ""id"": ""019d7e0d-b3ef-7033-b95a-a4bee22ddc8c"", ""status"": ""success""}",success,,0.9329450130462646,2515,0.00207375,1.0,1.0,1.0,1.0,1.0,1.0,1.0,1.0,1.0
baba2188-2340-5a7a-8037-a51929fb9cc1,"{""document_id"": ""0fe8eaee697774ac95f9186dd2fc3364.pdf""}","{""term"": null, ""party"": [{""name"": ""Nitromed_Inc.""}, {""name"": ""Kenneth_M._Bate""}], ""jurisdiction"": ""Massachusetts"", ""effective_date"": ""2009-02-23""}",gpt-lite-single_pass-text-e2642fb3,1,"{""_char_count"": 18338, ""_page_count"": 4, ""effective_date"": ""2009-02-23"", ""jurisdiction"": ""Massachusetts"", ""party"": [{""name"": ""NitroMed_Inc.""}, {""name"": ""Kenneth_M._Bate""}], ""term"": null}","{""inputs"": {""document_id"": ""0fe8eaee697774ac95f9186dd2fc3364.pdf""}, ""outputs"": {""_char_count"": 18338, ""_page_count"": 4, ""effective_date"": ""2009-02-23"", ""jurisdiction"": ""Massachusetts"", ""party"": [{""name"": ""NitroMed_Inc.""}, {""name"": ""Kenneth_M._Bate""}], ""term"": null}, ""session_id"": ""d64bc366-59fa-46dc-bfef-ebfff4ead222"", ""error"": null, ""extra"": {""metadata"": {""LANGSMITH_ENDPOINT"": ""https://api.smith.langchain.com"", ""LANGSMITH_PROJECT"": ""agentic-kie-evals"", ""LANGSMITH_TRACING"": ""true"", ""__ls_runner"": ""py_sdk_evaluate"", ""example_version"": ""2026-04-11T14:27:42.293905+00:00"", ""ls_example_dataset_split"": [""dev""], ""ls_example_partition"": ""dev-0"", ""ls_example_source"": ""kleister-nda"", ""ls_method"": ""traceable"", ""ls_run_depth"": 0, ""modality"": ""text"", ""model_name"": ""gpt"", ""num_repetitions"": 1, ""revision_id"": ""dc70dde"", ""strategy"": ""single_pass""}, ""runtime"": {""langchain_core_version"": ""1.2.28"", ""langchain_version"": ""1.2.15"", ""library"": ""langsmith"", ""platform"": ""macOS-26.4-arm64-arm-64bit-Mach-O"", ""py_implementation"": ""CPython"", ""runtime"": ""python"", ""runtime_version"": ""3.13.12"", ""sdk"": ""langsmith-py"", ""sdk_version"": ""0.7.30""}}, ""run_type"": ""chain"", ""id"": ""019d7e0d-fbd7-7b03-a8a7-5cc4df0dea03"", ""status"": ""success""}",success,,0.9448909759521484,4587,0.00362775,1.0,1.0,1.0,1.0,1.0,1.0,1.0,1.0,1.0
be664bf6-c99d-5778-9117-175f5d65e415,"{""document_id"": ""402141dd8e87b123574ae59271c9224f.pdf""}","{""term"": ""2_years"", ""party"": [{""name"": ""Cogent_Inc.""}, {""name"": ""3m_Company""}], ""jurisdiction"": ""Minnesota"", ""effective_date"": ""2008-07-31""}",gpt-lite-single_pass-text-e2642fb3,1,"{""_char_count"": 25944, ""_page_count"": 8, ""effective_date"": ""2010-05-31"", ""jurisdiction"": ""Minnesota"", ""party"": [{""name"": ""Cogent_Inc.""}, {""name"": ""3M_Company""}], ""term"": ""4_years""}","{""inputs"": {""document_id"": ""402141dd8e87b123574ae59271c9224f.pdf""}, ""outputs"": {""_char_count"": 25944, ""_page_count"": 8, ""effective_date"": ""2010-05-31"", ""jurisdiction"": ""Minnesota"", ""party"": [{""name"": ""Cogent_Inc.""}, {""name"": ""3M_Company""}], ""term"": ""4_years""}, ""session_id"": ""d64bc366-59fa-46dc-bfef-ebfff4ead222"", ""error"": null, ""extra"": {""metadata"": {""LANGSMITH_ENDPOINT"": ""https://api.smith.langchain.com"", ""LANGSMITH_PROJECT"": ""agentic-kie-evals"", ""LANGSMITH_TRACING"": ""true"", ""__ls_runner"": ""py_sdk_evaluate"", ""example_version"": ""2026-04-11T14:27:42.293905+00:00"", ""ls_example_dataset_split"": [""dev""], ""ls_example_partition"": ""dev-0"", ""ls_example_source"": ""kleister-nda"", ""ls_method"": ""traceable"", ""ls_run_depth"": 0, ""modality"": ""text"", ""model_name"": ""gpt"", ""num_repetitions"": 1, ""revision_id"": ""dc70dde"", ""strategy"": ""single_pass""}, ""runtime"": {""langchain_core_version"": ""1.2.28"", ""langchain_version"": ""1.2.15"", ""library"": ""langsmith"", ""platform"": ""macOS-26.4-arm64-arm-64bit-Mach-O"", ""py_implementation"": ""CPython"", ""runtime"": ""python"", ""runtime_version"": ""3.13.12"", ""sdk"": ""langsmith-py"", ""sdk_version"": ""0.7.30""}}, ""run_type"": ""chain"", ""id"": ""019d7e0d-ff51-7ef0-9386-48d6e3d2468e"", ""status"": ""success""}",success,,1.0743989944458008,5784,0.00452175,0.0,0.5,1.0,1.0,0.0,0.75,1.0,1.0,1.0
bea4610c-7187-51ac-95f1-cdff5e55d55c,"{""document_id"": ""d6f15390ac99f5de8ef919d8df8e5412.pdf""}","{""term"": null, ""party"": [{""name"": ""Mapinfo_Corporation""}, {""name"": ""Pitney_Bowes_Inc.""}], ""jurisdiction"": ""New_York"", ""effective_date"": ""2006-12-19""}",gpt-lite-single_pass-text-e2642fb3,1,"{""_char_count"": 26215, ""_page_count"": 10, ""effective_date"": ""2006-12-19"", ""jurisdiction"": ""New_York"", ""party"": [{""name"": ""MapInfo_Corporation""}, {""name"": ""Pitney_Bowes_Inc.""}], ""term"": ""18_months""}","{""inputs"": {""document_id"": ""d6f15390ac99f5de8ef919d8df8e5412.pdf""}, ""outputs"": {""_char_count"": 26215, ""_page_count"": 10, ""effective_date"": ""2006-12-19"", ""jurisdiction"": ""New_York"", ""party"": [{""name"": ""MapInfo_Corporation""}, {""name"": ""Pitney_Bowes_Inc.""}], ""term"": ""18_months""}, ""session_id"": ""d64bc366-59fa-46dc-bfef-ebfff4ead222"", ""error"": null, ""extra"": {""metadata"": {""LANGSMITH_ENDPOINT"": ""https://api.smith.langchain.com"", ""LANGSMITH_PROJECT"": ""agentic-kie-evals"", ""LANGSMITH_TRACING"": ""true"", ""__ls_runner"": ""py_sdk_evaluate"", ""example_version"": ""2026-04-11T14:27:50.429277+00:00"", ""ls_example_dataset_split"": [""dev""], ""ls_example_partition"": ""dev-0"", ""ls_example_source"": ""kleister-nda"", ""ls_method"": ""traceable"", ""ls_run_depth"": 0, ""modality"": ""text"", ""model_name"": ""gpt"", ""num_repetitions"": 1, ""revision_id"": ""dc70dde"", ""strategy"": ""single_pass""}, ""runtime"": {""langchain_core_version"": ""1.2.28"", ""langchain_version"": ""1.2.15"", ""library"": ""langsmith"", ""platform"": ""macOS-26.4-arm64-arm-64bit-Mach-O"", ""py_implementation"": ""CPython"", ""runtime"": ""python"", ""runtime_version"": ""3.13.12"", ""sdk"": ""langsmith-py"", ""sdk_version"": ""0.7.30""}}, ""run_type"": ""chain"", ""id"": ""019d7e0d-5719-70f3-ad40-c3e3f4ccda1d"", ""status"": ""success""}",success,,1.0999441146850586,5892,0.004644,1.0,0.75,1.0,1.0,0.0,0.75,1.0,1.0,0.0
c38f1f7a-04d5-546b-b347-a010c9e86b14,"{""document_id"": ""137b97581e7b68b665e86b37d0a25500.pdf""}","{""term"": ""1_year"", ""party"": [{""name"": ""California_Micro_Devices_Corporation""}, {""name"": ""On_Semiconductor_Corporation""}], ""jurisdiction"": ""Delaware"", ""effective_date"": ""2009-04-30""}",gpt-lite-single_pass-text-e2642fb3,1,"{""_char_count"": 20476, ""_page_count"": 4, ""effective_date"": ""2009-04-30"", ""jurisdiction"": ""Delaware"", ""party"": [{""name"": ""California_Micro_Devices_Corporation""}, {""name"": ""ON_Semiconductor_Corporation""}], ""term"": ""1_year""}","{""inputs"": {""document_id"": ""137b97581e7b68b665e86b37d0a25500.pdf""}, ""outputs"": {""_char_count"": 20476, ""_page_count"": 4, ""effective_date"": ""2009-04-30"", ""jurisdiction"": ""Delaware"", ""party"": [{""name"": ""California_Micro_Devices_Corporation""}, {""name"": ""ON_Semiconductor_Corporation""}], ""term"": ""1_year""}, ""session_id"": ""d64bc366-59fa-46dc-bfef-ebfff4ead222"", ""error"": null, ""extra"": {""metadata"": {""LANGSMITH_ENDPOINT"": ""https://api.smith.langchain.com"", ""LANGSMITH_PROJECT"": ""agentic-kie-evals"", ""LANGSMITH_TRACING"": ""true"", ""__ls_runner"": ""py_sdk_evaluate"", ""example_version"": ""2026-04-11T14:27:42.293905+00:00"", ""ls_example_dataset_split"": [""dev""], ""ls_example_partition"": ""dev-0"", ""ls_example_source"": ""kleister-nda"", ""ls_method"": ""traceable"", ""ls_run_depth"": 0, ""modality"": ""text"", ""model_name"": ""gpt"", ""num_repetitions"": 1, ""revision_id"": ""dc70dde"", ""strategy"": ""single_pass""}, ""runtime"": {""langchain_core_version"": ""1.2.28"", ""langchain_version"": ""1.2.15"", ""library"": ""langsmith"", ""platform"": ""macOS-26.4-arm64-arm-64bit-Mach-O"", ""py_implementation"": ""CPython"", ""runtime"": ""python"", ""runtime_version"": ""3.13.12"", ""sdk"": ""langsmith-py"", ""sdk_version"": ""0.7.30""}}, ""run_type"": ""chain"", ""id"": ""019d7e0d-ff88-7aa0-bba1-ed6af8316bb6"", ""status"": ""success""}",success,,1.2009718418121338,4762,0.003774,1.0,1.0,1.0,1.0,1.0,1.0,1.0,1.0,1.0
c7b07f57-d4d4-5435-83fc-952674c8124c,"{""document_id"": ""6d64a41bd3e5c58b735d7832f2b30bdd.pdf""}","{""term"": null, ""party"": [{""name"": ""Gigpeak_Inc.""}, {""name"": ""Integrated_Device_Technology_Inc.""}], ""jurisdiction"": ""California"", ""effective_date"": null}",gpt-lite-single_pass-text-e2642fb3,1,"{""_char_count"": 12226, ""_page_count"": 2, ""effective_date"": ""2017-01-11"", ""jurisdiction"": ""California"", ""party"": [{""name"": ""GigPeak_Inc.""}, {""name"": ""Integrated_Device_Technology_Inc.""}], ""term"": null}","{""inputs"": {""document_id"": ""6d64a41bd3e5c58b735d7832f2b30bdd.pdf""}, ""outputs"": {""_char_count"": 12226, ""_page_count"": 2, ""effective_date"": ""2017-01-11"", ""jurisdiction"": ""California"", ""party"": [{""name"": ""GigPeak_Inc.""}, {""name"": ""Integrated_Device_Technology_Inc.""}], ""term"": null}, ""session_id"": ""d64bc366-59fa-46dc-bfef-ebfff4ead222"", ""error"": null, ""extra"": {""metadata"": {""LANGSMITH_ENDPOINT"": ""https://api.smith.langchain.com"", ""LANGSMITH_PROJECT"": ""agentic-kie-evals"", ""LANGSMITH_TRACING"": ""true"", ""__ls_runner"": ""py_sdk_evaluate"", ""example_version"": ""2026-04-11T14:27:44.810791+00:00"", ""ls_example_dataset_split"": [""dev""], ""ls_example_partition"": ""dev-0"", ""ls_example_source"": ""kleister-nda"", ""ls_method"": ""traceable"", ""ls_run_depth"": 0, ""modality"": ""text"", ""model_name"": ""gpt"", ""num_repetitions"": 1, ""revision_id"": ""dc70dde"", ""strategy"": ""single_pass""}, ""runtime"": {""langchain_core_version"": ""1.2.28"", ""langchain_version"": ""1.2.15"", ""library"": ""langsmith"", ""platform"": ""macOS-26.4-arm64-arm-64bit-Mach-O"", ""py_implementation"": ""CPython"", ""runtime"": ""python"", ""runtime_version"": ""3.13.12"", ""sdk"": ""langsmith-py"", ""sdk_version"": ""0.7.30""}}, ""run_type"": ""chain"", ""id"": ""019d7e0d-b794-7462-9e59-d162bac7e023"", ""status"": ""success""}",success,,1.0232231616973877,3219,0.0026055,0.0,0.75,1.0,1.0,1.0,0.75,1.0,1.0,1.0
c99acafb-c3f6-57ca-910f-8b1a7537d823,"{""document_id"": ""2580d4ca2d7ae09df407f96f04551eb1.pdf""}","{""term"": null, ""party"": [{""name"": ""Pjm_Interconnection_LLC""}], ""jurisdiction"": null, ""effective_date"": null}",gpt-lite-single_pass-text-e2642fb3,1,"{""_char_count"": 25083, ""_page_count"": 10, ""effective_date"": ""2004-01-01"", ""jurisdiction"": ""Delaware"", ""party"": [{""name"": ""PJM_Interconnection_L.L.C.""}, {""name"": ""State_Commission""}], ""term"": null}","{""inputs"": {""document_id"": ""2580d4ca2d7ae09df407f96f04551eb1.pdf""}, ""outputs"": {""_char_count"": 25083, ""_page_count"": 10, ""effective_date"": ""2004-01-01"", ""jurisdiction"": ""Delaware"", ""party"": [{""name"": ""PJM_Interconnection_L.L.C.""}, {""name"": ""State_Commission""}], ""term"": null}, ""session_id"": ""d64bc366-59fa-46dc-bfef-ebfff4ead222"", ""error"": null, ""extra"": {""metadata"": {""LANGSMITH_ENDPOINT"": ""https://api.smith.langchain.com"", ""LANGSMITH_PROJECT"": ""agentic-kie-evals"", ""LANGSMITH_TRACING"": ""true"", ""__ls_runner"": ""py_sdk_evaluate"", ""example_version"": ""2026-04-11T14:27:42.293905+00:00"", ""ls_example_dataset_split"": [""dev""], ""ls_example_partition"": ""dev-0"", ""ls_example_source"": ""kleister-nda"", ""ls_method"": ""traceable"", ""ls_run_depth"": 0, ""modality"": ""text"", ""model_name"": ""gpt"", ""num_repetitions"": 1, ""revision_id"": ""dc70dde"", ""strategy"": ""single_pass""}, ""runtime"": {""langchain_core_version"": ""1.2.28"", ""langchain_version"": ""1.2.15"", ""library"": ""langsmith"", ""platform"": ""macOS-26.4-arm64-arm-64bit-Mach-O"", ""py_implementation"": ""CPython"", ""runtime"": ""python"", ""runtime_version"": ""3.13.12"", ""sdk"": ""langsmith-py"", ""sdk_version"": ""0.7.30""}}, ""run_type"": ""chain"", ""id"": ""019d7e0e-0383-7dc1-8994-69cd60284aa2"", ""status"": ""success""}",success,,1.1748898029327393,5719,0.004503,0.0,0.25,0.0,0.0,1.0,0.4167,0.0,0.6667,1.0
cda6f8ac-9c63-5629-97fb-56827b408a96,"{""document_id"": ""4fd03a6d34e6e06bc0b553aba1aff30f.pdf""}","{""term"": null, ""party"": [{""name"": ""Flexsteel_Industries_Inc.""}, {""name"": ""Jerald_K._Dittmer""}], ""jurisdiction"": ""Iowa"", ""effective_date"": ""2018-12-28""}",gpt-lite-single_pass-text-e2642fb3,1,"{""_char_count"": 9441, ""_page_count"": 3, ""effective_date"": ""2018-12-28"", ""jurisdiction"": ""Iowa"", ""party"": [{""name"": ""Flexsteel_Industries_Inc.""}, {""name"": ""Jerald_K._Dittmer""}], ""term"": ""12_months""}","{""inputs"": {""document_id"": ""4fd03a6d34e6e06bc0b553aba1aff30f.pdf""}, ""outputs"": {""_char_count"": 9441, ""_page_count"": 3, ""effective_date"": ""2018-12-28"", ""jurisdiction"": ""Iowa"", ""party"": [{""name"": ""Flexsteel_Industries_Inc.""}, {""name"": ""Jerald_K._Dittmer""}], ""term"": ""12_months""}, ""session_id"": ""d64bc366-59fa-46dc-bfef-ebfff4ead222"", ""error"": null, ""extra"": {""metadata"": {""LANGSMITH_ENDPOINT"": ""https://api.smith.langchain.com"", ""LANGSMITH_PROJECT"": ""agentic-kie-evals"", ""LANGSMITH_TRACING"": ""true"", ""__ls_runner"": ""py_sdk_evaluate"", ""example_version"": ""2026-04-11T14:27:44.810791+00:00"", ""ls_example_dataset_split"": [""dev""], ""ls_example_partition"": ""dev-0"", ""ls_example_source"": ""kleister-nda"", ""ls_method"": ""traceable"", ""ls_run_depth"": 0, ""modality"": ""text"", ""model_name"": ""gpt"", ""num_repetitions"": 1, ""revision_id"": ""dc70dde"", ""strategy"": ""single_pass""}, ""runtime"": {""langchain_core_version"": ""1.2.28"", ""langchain_version"": ""1.2.15"", ""library"": ""langsmith"", ""platform"": ""macOS-26.4-arm64-arm-64bit-Mach-O"", ""py_implementation"": ""CPython"", ""runtime"": ""python"", ""runtime_version"": ""3.13.12"", ""sdk"": ""langsmith-py"", ""sdk_version"": ""0.7.30""}}, ""run_type"": ""chain"", ""id"": ""019d7e0d-bb94-79b2-89cb-5628bbe86dee"", ""status"": ""success""}",success,,1.2167279720306396,2653,0.002196,1.0,0.75,1.0,1.0,0.0,0.75,1.0,1.0,0.0
d04237a1-d9b6-570e-afd5-8b592a28b201,"{""document_id"": ""ac93a0cef3a3fe11e8b2b5699ca36ceb.pdf""}","{""term"": null, ""party"": [{""name"": ""Accurel_Systems_International_Corporation""}, {""name"": ""Implant_Sciences_Corporation""}], ""jurisdiction"": ""Massachusetts"", ""effective_date"": ""2007-04-30""}",gpt-lite-single_pass-text-e2642fb3,1,"{""_char_count"": 14819, ""_page_count"": 4, ""effective_date"": ""2007-04-30"", ""jurisdiction"": ""Massachusetts"", ""party"": [{""name"": ""Accurel_Systems_International_Corporation""}, {""name"": ""Implant_Sciences_Corporation""}, {""name"": ""Evans_Analytical_Group_LLC""}], ""term"": ""5_years""}","{""inputs"": {""document_id"": ""ac93a0cef3a3fe11e8b2b5699ca36ceb.pdf""}, ""outputs"": {""_char_count"": 14819, ""_page_count"": 4, ""effective_date"": ""2007-04-30"", ""jurisdiction"": ""Massachusetts"", ""party"": [{""name"": ""Accurel_Systems_International_Corporation""}, {""name"": ""Implant_Sciences_Corporation""}, {""name"": ""Evans_Analytical_Group_LLC""}], ""term"": ""5_years""}, ""session_id"": ""d64bc366-59fa-46dc-bfef-ebfff4ead222"", ""error"": null, ""extra"": {""metadata"": {""LANGSMITH_ENDPOINT"": ""https://api.smith.langchain.com"", ""LANGSMITH_PROJECT"": ""agentic-kie-evals"", ""LANGSMITH_TRACING"": ""true"", ""__ls_runner"": ""py_sdk_evaluate"", ""example_version"": ""2026-04-11T14:27:47.469735+00:00"", ""ls_example_dataset_split"": [""dev""], ""ls_example_partition"": ""dev-0"", ""ls_example_source"": ""kleister-nda"", ""ls_method"": ""traceable"", ""ls_run_depth"": 0, ""modality"": ""text"", ""model_name"": ""gpt"", ""num_repetitions"": 1, ""revision_id"": ""dc70dde"", ""strategy"": ""single_pass""}, ""runtime"": {""langchain_core_version"": ""1.2.28"", ""langchain_version"": ""1.2.15"", ""library"": ""langsmith"", ""platform"": ""macOS-26.4-arm64-arm-64bit-Mach-O"", ""py_implementation"": ""CPython"", ""runtime"": ""python"", ""runtime_version"": ""3.13.12"", ""sdk"": ""langsmith-py"", ""sdk_version"": ""0.7.30""}}, ""run_type"": ""chain"", ""id"": ""019d7e0d-84a6-7f72-aa5c-a64d64ac1901"", ""status"": ""success""}",success,,1.0521800518035889,3936,0.003207,1.0,0.7,1.0,0.8,0.0,0.7,1.0,0.8,0.0
d0c23e48-0d00-5d21-ac6b-c8dab3591915,"{""document_id"": ""46f429bd4fdc9476d4b0026f3fd3b602.pdf""}","{""term"": ""1_year"", ""party"": [{""name"": ""Cubic_Corporation""}, {""name"": ""John_D._Thomas""}], ""jurisdiction"": ""California"", ""effective_date"": ""2018-10-01""}",gpt-lite-single_pass-text-e2642fb3,1,"{""_char_count"": 10279, ""_page_count"": 4, ""effective_date"": ""2018-10-01"", ""jurisdiction"": ""California"", ""party"": [{""name"": ""CUBIC_CORPORATION""}, {""name"": ""JOHN_D._THOMAS""}], ""term"": ""1_year""}","{""inputs"": {""document_id"": ""46f429bd4fdc9476d4b0026f3fd3b602.pdf""}, ""outputs"": {""_char_count"": 10279, ""_page_count"": 4, ""effective_date"": ""2018-10-01"", ""jurisdiction"": ""California"", ""party"": [{""name"": ""CUBIC_CORPORATION""}, {""name"": ""JOHN_D._THOMAS""}], ""term"": ""1_year""}, ""session_id"": ""d64bc366-59fa-46dc-bfef-ebfff4ead222"", ""error"": null, ""extra"": {""metadata"": {""LANGSMITH_ENDPOINT"": ""https://api.smith.langchain.com"", ""LANGSMITH_PROJECT"": ""agentic-kie-evals"", ""LANGSMITH_TRACING"": ""true"", ""__ls_runner"": ""py_sdk_evaluate"", ""example_version"": ""2026-04-11T14:27:42.293905+00:00"", ""ls_example_dataset_split"": [""dev""], ""ls_example_partition"": ""dev-0"", ""ls_example_source"": ""kleister-nda"", ""ls_method"": ""traceable"", ""ls_run_depth"": 0, ""modality"": ""text"", ""model_name"": ""gpt"", ""num_repetitions"": 1, ""revision_id"": ""dc70dde"", ""strategy"": ""single_pass""}, ""runtime"": {""langchain_core_version"": ""1.2.28"", ""langchain_version"": ""1.2.15"", ""library"": ""langsmith"", ""platform"": ""macOS-26.4-arm64-arm-64bit-Mach-O"", ""py_implementation"": ""CPython"", ""runtime"": ""python"", ""runtime_version"": ""3.13.12"", ""sdk"": ""langsmith-py"", ""sdk_version"": ""0.7.30""}}, ""run_type"": ""chain"", ""id"": ""019d7e0e-0439-7802-a543-8d3462687cbb"", ""status"": ""success""}",success,,1.0326108932495117,2927,0.0023865,1.0,1.0,1.0,1.0,1.0,1.0,1.0,1.0,1.0
d1f0e838-9c16-5176-ac06-efffa3826328,"{""document_id"": ""52aaf701a2c24c940628e155dabacdbf.pdf""}","{""term"": null, ""party"": [{""name"": ""Inspire_Pharmaceuticals_Inc.""}, {""name"": ""Barry_G._Pea""}], ""jurisdiction"": ""North_Carolina"", ""effective_date"": ""2004-10-11""}",gpt-lite-single_pass-text-e2642fb3,1,"{""_char_count"": 14821, ""_page_count"": 6, ""effective_date"": ""2004-10-11"", ""jurisdiction"": ""North_Carolina"", ""party"": [{""name"": ""Inspire_Pharmaceuticals_Inc.""}, {""name"": ""Barry_G._Pea""}], ""term"": null}","{""inputs"": {""document_id"": ""52aaf701a2c24c940628e155dabacdbf.pdf""}, ""outputs"": {""_char_count"": 14821, ""_page_count"": 6, ""effective_date"": ""2004-10-11"", ""jurisdiction"": ""North_Carolina"", ""party"": [{""name"": ""Inspire_Pharmaceuticals_Inc.""}, {""name"": ""Barry_G._Pea""}], ""term"": null}, ""session_id"": ""d64bc366-59fa-46dc-bfef-ebfff4ead222"", ""error"": null, ""extra"": {""metadata"": {""LANGSMITH_ENDPOINT"": ""https://api.smith.langchain.com"", ""LANGSMITH_PROJECT"": ""agentic-kie-evals"", ""LANGSMITH_TRACING"": ""true"", ""__ls_runner"": ""py_sdk_evaluate"", ""example_version"": ""2026-04-11T14:27:44.810791+00:00"", ""ls_example_dataset_split"": [""dev""], ""ls_example_partition"": ""dev-0"", ""ls_example_source"": ""kleister-nda"", ""ls_method"": ""traceable"", ""ls_run_depth"": 0, ""modality"": ""text"", ""model_name"": ""gpt"", ""num_repetitions"": 1, ""revision_id"": ""dc70dde"", ""strategy"": ""single_pass""}, ""runtime"": {""langchain_core_version"": ""1.2.28"", ""langchain_version"": ""1.2.15"", ""library"": ""langsmith"", ""platform"": ""macOS-26.4-arm64-arm-64bit-Mach-O"", ""py_implementation"": ""CPython"", ""runtime"": ""python"", ""runtime_version"": ""3.13.12"", ""sdk"": ""langsmith-py"", ""sdk_version"": ""0.7.30""}}, ""run_type"": ""chain"", ""id"": ""019d7e0d-c055-72c0-b8c3-52e280a40d91"", ""status"": ""success""}",success,,0.9548721313476562,3620,0.0029175,1.0,1.0,1.0,1.0,1.0,1.0,1.0,1.0,1.0
d4f6e851-55f7-5747-a65e-e4a9f128e3b1,"{""document_id"": ""d55dce3f2401b0c4b66618c7d5f292f5.pdf""}","{""term"": null, ""party"": [{""name"": ""Mobile_Satellite_Ventures""}, {""name"": ""Alexander_H._Good""}], ""jurisdiction"": ""Virginia"", ""effective_date"": ""2005-02-24""}",gpt-lite-single_pass-text-e2642fb3,1,"{""_char_count"": 11665, ""_page_count"": 4, ""effective_date"": ""2005-02-24"", ""jurisdiction"": ""Virginia"", ""party"": [{""name"": ""Mobile_Satellite_Ventures""}, {""name"": ""Alexander_H._Good""}], ""term"": null}","{""inputs"": {""document_id"": ""d55dce3f2401b0c4b66618c7d5f292f5.pdf""}, ""outputs"": {""_char_count"": 11665, ""_page_count"": 4, ""effective_date"": ""2005-02-24"", ""jurisdiction"": ""Virginia"", ""party"": [{""name"": ""Mobile_Satellite_Ventures""}, {""name"": ""Alexander_H._Good""}], ""term"": null}, ""session_id"": ""d64bc366-59fa-46dc-bfef-ebfff4ead222"", ""error"": null, ""extra"": {""metadata"": {""LANGSMITH_ENDPOINT"": ""https://api.smith.langchain.com"", ""LANGSMITH_PROJECT"": ""agentic-kie-evals"", ""LANGSMITH_TRACING"": ""true"", ""__ls_runner"": ""py_sdk_evaluate"", ""example_version"": ""2026-04-11T14:27:50.429277+00:00"", ""ls_example_dataset_split"": [""dev""], ""ls_example_partition"": ""dev-0"", ""ls_example_source"": ""kleister-nda"", ""ls_method"": ""traceable"", ""ls_run_depth"": 0, ""modality"": ""text"", ""model_name"": ""gpt"", ""num_repetitions"": 1, ""revision_id"": ""dc70dde"", ""strategy"": ""single_pass""}, ""runtime"": {""langchain_core_version"": ""1.2.28"", ""langchain_version"": ""1.2.15"", ""library"": ""langsmith"", ""platform"": ""macOS-26.4-arm64-arm-64bit-Mach-O"", ""py_implementation"": ""CPython"", ""runtime"": ""python"", ""runtime_version"": ""3.13.12"", ""sdk"": ""langsmith-py"", ""sdk_version"": ""0.7.30""}}, ""run_type"": ""chain"", ""id"": ""019d7e0d-57f7-70f3-a34a-a4f729d06f8c"", ""status"": ""success""}",success,,0.9376301765441895,2972,0.00240525,1.0,1.0,1.0,1.0,1.0,1.0,1.0,1.0,1.0
d5846889-be5f-5c65-af64-00fb3280b755,"{""document_id"": ""294941062474a6d42bdb6b9d4ab4545f.pdf""}","{""term"": ""2_years"", ""party"": [{""name"": ""Tesaro_Inc.""}, {""name"": ""Ajinomoto_Althea_Inc.""}, {""name"": ""Glaxosmithkline_LLC""}], ""jurisdiction"": ""Delaware"", ""effective_date"": ""2018-11-15""}",gpt-lite-single_pass-text-e2642fb3,1,"{""_char_count"": 12313, ""_page_count"": 4, ""effective_date"": ""2018-11-15"", ""jurisdiction"": ""Delaware"", ""party"": [{""name"": ""TESARO_Inc.""}, {""name"": ""GlaxoSmithKline_LLC""}, {""name"": ""Ajinomoto_Althea_Inc.""}], ""term"": ""2_years""}","{""inputs"": {""document_id"": ""294941062474a6d42bdb6b9d4ab4545f.pdf""}, ""outputs"": {""_char_count"": 12313, ""_page_count"": 4, ""effective_date"": ""2018-11-15"", ""jurisdiction"": ""Delaware"", ""party"": [{""name"": ""TESARO_Inc.""}, {""name"": ""GlaxoSmithKline_LLC""}, {""name"": ""Ajinomoto_Althea_Inc.""}], ""term"": ""2_years""}, ""session_id"": ""d64bc366-59fa-46dc-bfef-ebfff4ead222"", ""error"": null, ""extra"": {""metadata"": {""LANGSMITH_ENDPOINT"": ""https://api.smith.langchain.com"", ""LANGSMITH_PROJECT"": ""agentic-kie-evals"", ""LANGSMITH_TRACING"": ""true"", ""__ls_runner"": ""py_sdk_evaluate"", ""example_version"": ""2026-04-11T14:27:42.293905+00:00"", ""ls_example_dataset_split"": [""dev""], ""ls_example_partition"": ""dev-0"", ""ls_example_source"": ""kleister-nda"", ""ls_method"": ""traceable"", ""ls_run_depth"": 0, ""modality"": ""text"", ""model_name"": ""gpt"", ""num_repetitions"": 1, ""revision_id"": ""dc70dde"", ""strategy"": ""single_pass""}, ""runtime"": {""langchain_core_version"": ""1.2.28"", ""langchain_version"": ""1.2.15"", ""library"": ""langsmith"", ""platform"": ""macOS-26.4-arm64-arm-64bit-Mach-O"", ""py_implementation"": ""CPython"", ""runtime"": ""python"", ""runtime_version"": ""3.13.12"", ""sdk"": ""langsmith-py"", ""sdk_version"": ""0.7.30""}}, ""run_type"": ""chain"", ""id"": ""019d7e0e-081b-77a2-9d71-8fe3e20fdbd4"", ""status"": ""success""}",success,,1.0037758350372314,3305,0.00272625,1.0,1.0,1.0,1.0,1.0,1.0,1.0,1.0,1.0
d72bfbc6-95e6-5c29-b1ac-b9b3c13b4680,"{""document_id"": ""5a67c4370c9b6da69651a2f80c7b7f8d.pdf""}","{""term"": ""5_years"", ""party"": [{""name"": ""Common_Sense_Ltd.""}, {""name"": ""Synova_Healthcare_Inc.""}], ""jurisdiction"": ""New_York"", ""effective_date"": ""2005-07-03""}",gpt-lite-single_pass-text-e2642fb3,1,"{""_char_count"": 9880, ""_page_count"": 4, ""effective_date"": ""2005-07-03"", ""jurisdiction"": ""New_York"", ""party"": [{""name"": ""Common_Sense_Ltd.""}, {""name"": ""Synova_Healthcare_Inc.""}], ""term"": ""5_years""}","{""inputs"": {""document_id"": ""5a67c4370c9b6da69651a2f80c7b7f8d.pdf""}, ""outputs"": {""_char_count"": 9880, ""_page_count"": 4, ""effective_date"": ""2005-07-03"", ""jurisdiction"": ""New_York"", ""party"": [{""name"": ""Common_Sense_Ltd.""}, {""name"": ""Synova_Healthcare_Inc.""}], ""term"": ""5_years""}, ""session_id"": ""d64bc366-59fa-46dc-bfef-ebfff4ead222"", ""error"": null, ""extra"": {""metadata"": {""LANGSMITH_ENDPOINT"": ""https://api.smith.langchain.com"", ""LANGSMITH_PROJECT"": ""agentic-kie-evals"", ""LANGSMITH_TRACING"": ""true"", ""__ls_runner"": ""py_sdk_evaluate"", ""example_version"": ""2026-04-11T14:27:44.810791+00:00"", ""ls_example_dataset_split"": [""dev""], ""ls_example_partition"": ""dev-0"", ""ls_example_source"": ""kleister-nda"", ""ls_method"": ""traceable"", ""ls_run_depth"": 0, ""modality"": ""text"", ""model_name"": ""gpt"", ""num_repetitions"": 1, ""revision_id"": ""dc70dde"", ""strategy"": ""single_pass""}, ""runtime"": {""langchain_core_version"": ""1.2.28"", ""langchain_version"": ""1.2.15"", ""library"": ""langsmith"", ""platform"": ""macOS-26.4-arm64-arm-64bit-Mach-O"", ""py_implementation"": ""CPython"", ""runtime"": ""python"", ""runtime_version"": ""3.13.12"", ""sdk"": ""langsmith-py"", ""sdk_version"": ""0.7.30""}}, ""run_type"": ""chain"", ""id"": ""019d7e0d-c410-7243-9a12-d9b688879505"", ""status"": ""success""}",success,,0.9767508506774902,2630,0.002175,1.0,1.0,1.0,1.0,1.0,1.0,1.0,1.0,1.0
e0de4fde-88c4-5006-8e5a-3a7accf86060,"{""document_id"": ""f5767a1bcfba57c7f5d07b9404a9ac3a.pdf""}","{""term"": null, ""party"": [{""name"": ""Us_Foods_Inc.""}, {""name"": ""Pietro_Satriano""}], ""jurisdiction"": ""Illinois"", ""effective_date"": ""2015-07-21""}",gpt-lite-single_pass-text-e2642fb3,1,"{""_char_count"": 24968, ""_page_count"": 8, ""effective_date"": ""2015-07-21"", ""jurisdiction"": ""Illinois"", ""party"": [{""name"": ""US_Foods_Inc.""}, {""name"": ""Employee""}], ""term"": null}","{""inputs"": {""document_id"": ""f5767a1bcfba57c7f5d07b9404a9ac3a.pdf""}, ""outputs"": {""_char_count"": 24968, ""_page_count"": 8, ""effective_date"": ""2015-07-21"", ""jurisdiction"": ""Illinois"", ""party"": [{""name"": ""US_Foods_Inc.""}, {""name"": ""Employee""}], ""term"": null}, ""session_id"": ""d64bc366-59fa-46dc-bfef-ebfff4ead222"", ""error"": null, ""extra"": {""metadata"": {""LANGSMITH_ENDPOINT"": ""https://api.smith.langchain.com"", ""LANGSMITH_PROJECT"": ""agentic-kie-evals"", ""LANGSMITH_TRACING"": ""true"", ""__ls_runner"": ""py_sdk_evaluate"", ""example_version"": ""2026-04-11T14:27:51.059084+00:00"", ""ls_example_dataset_split"": [""dev""], ""ls_example_partition"": ""dev-0"", ""ls_example_source"": ""kleister-nda"", ""ls_method"": ""traceable"", ""ls_run_depth"": 0, ""modality"": ""text"", ""model_name"": ""gpt"", ""num_repetitions"": 1, ""revision_id"": ""dc70dde"", ""strategy"": ""single_pass""}, ""runtime"": {""langchain_core_version"": ""1.2.28"", ""langchain_version"": ""1.2.15"", ""library"": ""langsmith"", ""platform"": ""macOS-26.4-arm64-arm-64bit-Mach-O"", ""py_implementation"": ""CPython"", ""runtime"": ""python"", ""runtime_version"": ""3.13.12"", ""sdk"": ""langsmith-py"", ""sdk_version"": ""0.7.30""}}, ""run_type"": ""chain"", ""id"": ""019d7e0d-33b3-7af1-9103-7a705e40ded5"", ""status"": ""success""}",success,,2.2544498443603516,5668,0.004416,1.0,0.875,1.0,0.5,1.0,0.875,1.0,0.5,1.0
e39ef8cf-b321-59cc-bf3a-7a35716d4ca4,"{""document_id"": ""ddbf109793cb86d7565126994e6d02cd.pdf""}","{""term"": null, ""party"": [{""name"": ""Ideal_Restaurant_Group_Inc.""}, {""name"": ""The_Schooner_Group_LLC""}], ""jurisdiction"": null, ""effective_date"": null}",gpt-lite-single_pass-text-e2642fb3,1,"{""_char_count"": 2813, ""_page_count"": 1, ""effective_date"": null, ""jurisdiction"": null, ""party"": [{""name"": ""Ideal_Restaurant_Group_Inc.""}, {""name"": ""The_Schooner_Group_LLC""}], ""term"": null}","{""inputs"": {""document_id"": ""ddbf109793cb86d7565126994e6d02cd.pdf""}, ""outputs"": {""_char_count"": 2813, ""_page_count"": 1, ""effective_date"": null, ""jurisdiction"": null, ""party"": [{""name"": ""Ideal_Restaurant_Group_Inc.""}, {""name"": ""The_Schooner_Group_LLC""}], ""term"": null}, ""session_id"": ""d64bc366-59fa-46dc-bfef-ebfff4ead222"", ""error"": null, ""extra"": {""metadata"": {""LANGSMITH_ENDPOINT"": ""https://api.smith.langchain.com"", ""LANGSMITH_PROJECT"": ""agentic-kie-evals"", ""LANGSMITH_TRACING"": ""true"", ""__ls_runner"": ""py_sdk_evaluate"", ""example_version"": ""2026-04-11T14:27:50.429277+00:00"", ""ls_example_dataset_split"": [""dev""], ""ls_example_partition"": ""dev-0"", ""ls_example_source"": ""kleister-nda"", ""ls_method"": ""traceable"", ""ls_run_depth"": 0, ""modality"": ""text"", ""model_name"": ""gpt"", ""num_repetitions"": 1, ""revision_id"": ""dc70dde"", ""strategy"": ""single_pass""}, ""runtime"": {""langchain_core_version"": ""1.2.28"", ""langchain_version"": ""1.2.15"", ""library"": ""langsmith"", ""platform"": ""macOS-26.4-arm64-arm-64bit-Mach-O"", ""py_implementation"": ""CPython"", ""runtime"": ""python"", ""runtime_version"": ""3.13.12"", ""sdk"": ""langsmith-py"", ""sdk_version"": ""0.7.30""}}, ""run_type"": ""chain"", ""id"": ""019d7e0d-597f-73b3-bd17-8ad73ed9222a"", ""status"": ""success""}",success,,2.263054847717285,1193,0.00107475,1.0,1.0,1.0,1.0,1.0,1.0,1.0,1.0,1.0
e7822163-96b2-5076-bde0-72d9e52091ee,"{""document_id"": ""8f4e33c10c29ec53b61ad117fa212618.pdf""}","{""term"": null, ""party"": [{""name"": ""Omni_National_Bank""}, {""name"": ""Jeffrey_L._Levine""}], ""jurisdiction"": null, ""effective_date"": ""2005-02-16""}",gpt-lite-single_pass-text-e2642fb3,1,"{""_char_count"": 15584, ""_page_count"": 6, ""effective_date"": ""2005-02-16"", ""jurisdiction"": ""Georgia"", ""party"": [{""name"": ""Omni_National_Bank""}, {""name"": ""Jeffrey_L._Levine""}], ""term"": null}","{""inputs"": {""document_id"": ""8f4e33c10c29ec53b61ad117fa212618.pdf""}, ""outputs"": {""_char_count"": 15584, ""_page_count"": 6, ""effective_date"": ""2005-02-16"", ""jurisdiction"": ""Georgia"", ""party"": [{""name"": ""Omni_National_Bank""}, {""name"": ""Jeffrey_L._Levine""}], ""term"": null}, ""session_id"": ""d64bc366-59fa-46dc-bfef-ebfff4ead222"", ""error"": null, ""extra"": {""metadata"": {""LANGSMITH_ENDPOINT"": ""https://api.smith.langchain.com"", ""LANGSMITH_PROJECT"": ""agentic-kie-evals"", ""LANGSMITH_TRACING"": ""true"", ""__ls_runner"": ""py_sdk_evaluate"", ""example_version"": ""2026-04-11T14:27:47.469735+00:00"", ""ls_example_dataset_split"": [""dev""], ""ls_example_partition"": ""dev-0"", ""ls_example_source"": ""kleister-nda"", ""ls_method"": ""traceable"", ""ls_run_depth"": 0, ""modality"": ""text"", ""model_name"": ""gpt"", ""num_repetitions"": 1, ""revision_id"": ""dc70dde"", ""strategy"": ""single_pass""}, ""runtime"": {""langchain_core_version"": ""1.2.28"", ""langchain_version"": ""1.2.15"", ""library"": ""langsmith"", ""platform"": ""macOS-26.4-arm64-arm-64bit-Mach-O"", ""py_implementation"": ""CPython"", ""runtime"": ""python"", ""runtime_version"": ""3.13.12"", ""sdk"": ""langsmith-py"", ""sdk_version"": ""0.7.30""}}, ""run_type"": ""chain"", ""id"": ""019d7e0d-88c2-7e82-bb72-7d3f97d9a2a6"", ""status"": ""success""}",success,,1.105515956878662,3864,0.00308175,1.0,0.75,0.0,1.0,1.0,0.75,0.0,1.0,1.0
e8b17e40-9a24-515f-9c5e-d307d8f39200,"{""document_id"": ""5100360b6dc2bade6771d2dca08b1d3f.pdf""}","{""term"": ""3_years"", ""party"": [{""name"": ""Bruce_L._Caswell""}, {""name"": ""Maximus_Inc.""}], ""jurisdiction"": ""Virginia"", ""effective_date"": null}",gpt-lite-single_pass-text-e2642fb3,1,"{""_char_count"": 30255, ""_page_count"": 17, ""effective_date"": ""2018-04-01"", ""jurisdiction"": ""Virginia"", ""party"": [{""name"": ""Bruce_L._Caswell""}, {""name"": ""MAXIMUS_Inc.""}], ""term"": ""3_years""}","{""inputs"": {""document_id"": ""5100360b6dc2bade6771d2dca08b1d3f.pdf""}, ""outputs"": {""_char_count"": 30255, ""_page_count"": 17, ""effective_date"": ""2018-04-01"", ""jurisdiction"": ""Virginia"", ""party"": [{""name"": ""Bruce_L._Caswell""}, {""name"": ""MAXIMUS_Inc.""}], ""term"": ""3_years""}, ""session_id"": ""d64bc366-59fa-46dc-bfef-ebfff4ead222"", ""error"": null, ""extra"": {""metadata"": {""LANGSMITH_ENDPOINT"": ""https://api.smith.langchain.com"", ""LANGSMITH_PROJECT"": ""agentic-kie-evals"", ""LANGSMITH_TRACING"": ""true"", ""__ls_runner"": ""py_sdk_evaluate"", ""example_version"": ""2026-04-11T14:27:44.810791+00:00"", ""ls_example_dataset_split"": [""dev""], ""ls_example_partition"": ""dev-0"", ""ls_example_source"": ""kleister-nda"", ""ls_method"": ""traceable"", ""ls_run_depth"": 0, ""modality"": ""text"", ""model_name"": ""gpt"", ""num_repetitions"": 1, ""revision_id"": ""dc70dde"", ""strategy"": ""single_pass""}, ""runtime"": {""langchain_core_version"": ""1.2.28"", ""langchain_version"": ""1.2.15"", ""library"": ""langsmith"", ""platform"": ""macOS-26.4-arm64-arm-64bit-Mach-O"", ""py_implementation"": ""CPython"", ""runtime"": ""python"", ""runtime_version"": ""3.13.12"", ""sdk"": ""langsmith-py"", ""sdk_version"": ""0.7.30""}}, ""run_type"": ""chain"", ""id"": ""019d7e0d-c7e1-7893-b156-d526753f7e18"", ""status"": ""success""}",success,,0.9949748516082764,6866,0.005337,0.0,0.75,1.0,1.0,1.0,0.75,1.0,1.0,1.0
eae0553e-d887-5138-8a88-ec92164dbb30,"{""document_id"": ""5c6a75a65f4b47a2b76f74e08d1c6fb5.pdf""}","{""term"": null, ""party"": [{""name"": ""Biolargo_Inc.""}, {""name"": ""Joseph_L._Provenzano""}], ""jurisdiction"": ""California"", ""effective_date"": ""2008-01-01""}",gpt-lite-single_pass-text-e2642fb3,1,"{""_char_count"": 18638, ""_page_count"": 5, ""effective_date"": ""2008-01-01"", ""jurisdiction"": ""California"", ""party"": [{""name"": ""BioLargo_Inc.""}, {""name"": ""Joseph_L._Provenzano""}], ""term"": null}","{""inputs"": {""document_id"": ""5c6a75a65f4b47a2b76f74e08d1c6fb5.pdf""}, ""outputs"": {""_char_count"": 18638, ""_page_count"": 5, ""effective_date"": ""2008-01-01"", ""jurisdiction"": ""California"", ""party"": [{""name"": ""BioLargo_Inc.""}, {""name"": ""Joseph_L._Provenzano""}], ""term"": null}, ""session_id"": ""d64bc366-59fa-46dc-bfef-ebfff4ead222"", ""error"": null, ""extra"": {""metadata"": {""LANGSMITH_ENDPOINT"": ""https://api.smith.langchain.com"", ""LANGSMITH_PROJECT"": ""agentic-kie-evals"", ""LANGSMITH_TRACING"": ""true"", ""__ls_runner"": ""py_sdk_evaluate"", ""example_version"": ""2026-04-11T14:27:44.810791+00:00"", ""ls_example_dataset_split"": [""dev""], ""ls_example_partition"": ""dev-0"", ""ls_example_source"": ""kleister-nda"", ""ls_method"": ""traceable"", ""ls_run_depth"": 0, ""modality"": ""text"", ""model_name"": ""gpt"", ""num_repetitions"": 1, ""revision_id"": ""dc70dde"", ""strategy"": ""single_pass""}, ""runtime"": {""langchain_core_version"": ""1.2.28"", ""langchain_version"": ""1.2.15"", ""library"": ""langsmith"", ""platform"": ""macOS-26.4-arm64-arm-64bit-Mach-O"", ""py_implementation"": ""CPython"", ""runtime"": ""python"", ""runtime_version"": ""3.13.12"", ""sdk"": ""langsmith-py"", ""sdk_version"": ""0.7.30""}}, ""run_type"": ""chain"", ""id"": ""019d7e0d-cbc5-78e1-9496-3d7479b88e98"", ""status"": ""success""}",success,,2.4872069358825684,4275,0.00339,1.0,1.0,1.0,1.0,1.0,1.0,1.0,1.0,1.0
ebfbc51b-278e-5a81-a3db-fcdb6203e058,"{""document_id"": ""2b5702dbae143d75275161125a65cf81.pdf""}","{""term"": ""2_years"", ""party"": [{""name"": ""Allergan_Inc.""}, {""name"": ""Map_Pharmaceuticals_Inc.""}], ""jurisdiction"": ""Delaware"", ""effective_date"": null}",gpt-lite-single_pass-text-e2642fb3,1,"{""_char_count"": 19304, ""_page_count"": 7, ""effective_date"": ""2012-12-17"", ""jurisdiction"": ""Delaware"", ""party"": [{""name"": ""Allergan_Inc.""}, {""name"": ""MAP_Pharmaceuticals_Inc.""}], ""term"": ""2_years""}","{""inputs"": {""document_id"": ""2b5702dbae143d75275161125a65cf81.pdf""}, ""outputs"": {""_char_count"": 19304, ""_page_count"": 7, ""effective_date"": ""2012-12-17"", ""jurisdiction"": ""Delaware"", ""party"": [{""name"": ""Allergan_Inc.""}, {""name"": ""MAP_Pharmaceuticals_Inc.""}], ""term"": ""2_years""}, ""session_id"": ""d64bc366-59fa-46dc-bfef-ebfff4ead222"", ""error"": null, ""extra"": {""metadata"": {""LANGSMITH_ENDPOINT"": ""https://api.smith.langchain.com"", ""LANGSMITH_PROJECT"": ""agentic-kie-evals"", ""LANGSMITH_TRACING"": ""true"", ""__ls_runner"": ""py_sdk_evaluate"", ""example_version"": ""2026-04-11T14:27:42.293905+00:00"", ""ls_example_dataset_split"": [""dev""], ""ls_example_partition"": ""dev-0"", ""ls_example_source"": ""kleister-nda"", ""ls_method"": ""traceable"", ""ls_run_depth"": 0, ""modality"": ""text"", ""model_name"": ""gpt"", ""num_repetitions"": 1, ""revision_id"": ""dc70dde"", ""strategy"": ""single_pass""}, ""runtime"": {""langchain_core_version"": ""1.2.28"", ""langchain_version"": ""1.2.15"", ""library"": ""langsmith"", ""platform"": ""macOS-26.4-arm64-arm-64bit-Mach-O"", ""py_implementation"": ""CPython"", ""runtime"": ""python"", ""runtime_version"": ""3.13.12"", ""sdk"": ""langsmith-py"", ""sdk_version"": ""0.7.30""}}, ""run_type"": ""chain"", ""id"": ""019d7e0e-0842-7061-a334-086761881d35"", ""status"": ""success""}",success,,1.0089118480682373,4542,0.003609,0.0,0.75,1.0,1.0,1.0,0.75,1.0,1.0,1.0
f24c3533-ec9e-5f42-ba9a-cacab40db526,"{""document_id"": ""5be1ea607c7763ae42c61e9fc0fa2ec1.pdf""}","{""term"": ""12_months"", ""party"": [{""name"": ""Consac_LLC""}, {""name"": ""Musclepharm_Corporation""}], ""jurisdiction"": ""New_York"", ""effective_date"": ""2015-06-23""}",gpt-lite-single_pass-text-e2642fb3,1,"{""_char_count"": 18369, ""_page_count"": 6, ""effective_date"": ""2015-06-23"", ""jurisdiction"": ""New_York"", ""party"": [{""name"": ""Consac_LLC""}, {""name"": ""MusclePharm_Corporation""}], ""term"": ""12_months""}","{""inputs"": {""document_id"": ""5be1ea607c7763ae42c61e9fc0fa2ec1.pdf""}, ""outputs"": {""_char_count"": 18369, ""_page_count"": 6, ""effective_date"": ""2015-06-23"", ""jurisdiction"": ""New_York"", ""party"": [{""name"": ""Consac_LLC""}, {""name"": ""MusclePharm_Corporation""}], ""term"": ""12_months""}, ""session_id"": ""d64bc366-59fa-46dc-bfef-ebfff4ead222"", ""error"": null, ""extra"": {""metadata"": {""LANGSMITH_ENDPOINT"": ""https://api.smith.langchain.com"", ""LANGSMITH_PROJECT"": ""agentic-kie-evals"", ""LANGSMITH_TRACING"": ""true"", ""__ls_runner"": ""py_sdk_evaluate"", ""example_version"": ""2026-04-11T14:27:44.810791+00:00"", ""ls_example_dataset_split"": [""dev""], ""ls_example_partition"": ""dev-0"", ""ls_example_source"": ""kleister-nda"", ""ls_method"": ""traceable"", ""ls_run_depth"": 0, ""modality"": ""text"", ""model_name"": ""gpt"", ""num_repetitions"": 1, ""revision_id"": ""dc70dde"", ""strategy"": ""single_pass""}, ""runtime"": {""langchain_core_version"": ""1.2.28"", ""langchain_version"": ""1.2.15"", ""library"": ""langsmith"", ""platform"": ""macOS-26.4-arm64-arm-64bit-Mach-O"", ""py_implementation"": ""CPython"", ""runtime"": ""python"", ""runtime_version"": ""3.13.12"", ""sdk"": ""langsmith-py"", ""sdk_version"": ""0.7.30""}}, ""run_type"": ""chain"", ""id"": ""019d7e0d-d57c-7b53-9348-b711afaa20c3"", ""status"": ""success""}",success,,0.976377010345459,4366,0.00347325,1.0,1.0,1.0,1.0,1.0,1.0,1.0,1.0,1.0
f2825019-4c1e-5dde-9a1c-ab677b4d5b95,"{""document_id"": ""534ad09082139ac40a6125aa41fa1df5.pdf""}","{""term"": null, ""party"": [{""name"": ""Peoples_Bank_Sb""}], ""jurisdiction"": ""Indiana"", ""effective_date"": null}",gpt-lite-single_pass-text-e2642fb3,1,"{""_char_count"": 14169, ""_page_count"": 5, ""effective_date"": null, ""jurisdiction"": ""Indiana"", ""party"": [{""name"": ""Peoples_Bank_SB""}], ""term"": null}","{""inputs"": {""document_id"": ""534ad09082139ac40a6125aa41fa1df5.pdf""}, ""outputs"": {""_char_count"": 14169, ""_page_count"": 5, ""effective_date"": null, ""jurisdiction"": ""Indiana"", ""party"": [{""name"": ""Peoples_Bank_SB""}], ""term"": null}, ""session_id"": ""d64bc366-59fa-46dc-bfef-ebfff4ead222"", ""error"": null, ""extra"": {""metadata"": {""LANGSMITH_ENDPOINT"": ""https://api.smith.langchain.com"", ""LANGSMITH_PROJECT"": ""agentic-kie-evals"", ""LANGSMITH_TRACING"": ""true"", ""__ls_runner"": ""py_sdk_evaluate"", ""example_version"": ""2026-04-11T14:27:44.810791+00:00"", ""ls_example_dataset_split"": [""dev""], ""ls_example_partition"": ""dev-0"", ""ls_example_source"": ""kleister-nda"", ""ls_method"": ""traceable"", ""ls_run_depth"": 0, ""modality"": ""text"", ""model_name"": ""gpt"", ""num_repetitions"": 1, ""revision_id"": ""dc70dde"", ""strategy"": ""single_pass""}, ""runtime"": {""langchain_core_version"": ""1.2.28"", ""langchain_version"": ""1.2.15"", ""library"": ""langsmith"", ""platform"": ""macOS-26.4-arm64-arm-64bit-Mach-O"", ""py_implementation"": ""CPython"", ""runtime"": ""python"", ""runtime_version"": ""3.13.12"", ""sdk"": ""langsmith-py"", ""sdk_version"": ""0.7.30""}}, ""run_type"": ""chain"", ""id"": ""019d7e0d-d64f-78b1-bd56-b10b5644d63f"", ""status"": ""success""}",success,,2.1839210987091064,3503,0.00275475,1.0,1.0,1.0,1.0,1.0,1.0,1.0,1.0,1.0
fae8d0de-f883-525c-8e4f-6249dca95756,"{""document_id"": ""cdb615d6774f4ea7032768d5bcf02ee2.pdf""}","{""term"": ""12_months"", ""party"": [{""name"": ""Bank_Of_Beverly_Hills""}, {""name"": ""Joseph_W._Kiley_Iii""}], ""jurisdiction"": ""California"", ""effective_date"": ""2006-01-01""}",gpt-lite-single_pass-text-e2642fb3,1,"{""_char_count"": 29689, ""_page_count"": 11, ""effective_date"": ""2006-01-01"", ""jurisdiction"": ""California"", ""party"": [{""name"": ""First_Bank_of_Beverly_Hills""}, {""name"": ""Joseph_W._Kiley_III""}], ""term"": ""12_months""}","{""inputs"": {""document_id"": ""cdb615d6774f4ea7032768d5bcf02ee2.pdf""}, ""outputs"": {""_char_count"": 29689, ""_page_count"": 11, ""effective_date"": ""2006-01-01"", ""jurisdiction"": ""California"", ""party"": [{""name"": ""First_Bank_of_Beverly_Hills""}, {""name"": ""Joseph_W._Kiley_III""}], ""term"": ""12_months""}, ""session_id"": ""d64bc366-59fa-46dc-bfef-ebfff4ead222"", ""error"": null, ""extra"": {""metadata"": {""LANGSMITH_ENDPOINT"": ""https://api.smith.langchain.com"", ""LANGSMITH_PROJECT"": ""agentic-kie-evals"", ""LANGSMITH_TRACING"": ""true"", ""__ls_runner"": ""py_sdk_evaluate"", ""example_version"": ""2026-04-11T14:27:50.429277+00:00"", ""ls_example_dataset_split"": [""dev""], ""ls_example_partition"": ""dev-0"", ""ls_example_source"": ""kleister-nda"", ""ls_method"": ""traceable"", ""ls_run_depth"": 0, ""modality"": ""text"", ""model_name"": ""gpt"", ""num_repetitions"": 1, ""revision_id"": ""dc70dde"", ""strategy"": ""single_pass""}, ""runtime"": {""langchain_core_version"": ""1.2.28"", ""langchain_version"": ""1.2.15"", ""library"": ""langsmith"", ""platform"": ""macOS-26.4-arm64-arm-64bit-Mach-O"", ""py_implementation"": ""CPython"", ""runtime"": ""python"", ""runtime_version"": ""3.13.12"", ""sdk"": ""langsmith-py"", ""sdk_version"": ""0.7.30""}}, ""run_type"": ""chain"", ""id"": ""019d7e0d-5b65-7943-bafb-3b3487d799fc"", ""status"": ""success""}",success,,1.142003059387207,7064,0.00552675,1.0,0.875,1.0,0.5,1.0,1.0,1.0,1.0,1.0
fe96c59b-7e0b-5b83-a35c-ee569dab330b,"{""document_id"": ""d14ccc86989f0ebb66cf2cedd1085b98.pdf""}","{""term"": null, ""party"": [{""name"": ""Galil_Medical_Inc.""}, {""name"": ""Perseon_Corporation""}], ""jurisdiction"": ""Utah"", ""effective_date"": ""2015-03-16""}",gpt-lite-single_pass-text-e2642fb3,1,"{""_char_count"": 14422, ""_page_count"": 3, ""effective_date"": ""2015-03-16"", ""jurisdiction"": ""Utah"", ""party"": [{""name"": ""Galil_Medical_Inc.""}, {""name"": ""Perseon_Corporation""}], ""term"": null}","{""inputs"": {""document_id"": ""d14ccc86989f0ebb66cf2cedd1085b98.pdf""}, ""outputs"": {""_char_count"": 14422, ""_page_count"": 3, ""effective_date"": ""2015-03-16"", ""jurisdiction"": ""Utah"", ""party"": [{""name"": ""Galil_Medical_Inc.""}, {""name"": ""Perseon_Corporation""}], ""term"": null}, ""session_id"": ""d64bc366-59fa-46dc-bfef-ebfff4ead222"", ""error"": null, ""extra"": {""metadata"": {""LANGSMITH_ENDPOINT"": ""https://api.smith.langchain.com"", ""LANGSMITH_PROJECT"": ""agentic-kie-evals"", ""LANGSMITH_TRACING"": ""true"", ""__ls_runner"": ""py_sdk_evaluate"", ""example_version"": ""2026-04-11T14:27:50.429277+00:00"", ""ls_example_dataset_split"": [""dev""], ""ls_example_partition"": ""dev-0"", ""ls_example_source"": ""kleister-nda"", ""ls_method"": ""traceable"", ""ls_run_depth"": 0, ""modality"": ""text"", ""model_name"": ""gpt"", ""num_repetitions"": 1, ""revision_id"": ""dc70dde"", ""strategy"": ""single_pass""}, ""runtime"": {""langchain_core_version"": ""1.2.28"", ""langchain_version"": ""1.2.15"", ""library"": ""langsmith"", ""platform"": ""macOS-26.4-arm64-arm-64bit-Mach-O"", ""py_implementation"": ""CPython"", ""runtime"": ""python"", ""runtime_version"": ""3.13.12"", ""sdk"": ""langsmith-py"", ""sdk_version"": ""0.7.30""}}, ""run_type"": ""chain"", ""id"": ""019d7e0d-5ba0-7250-959c-8f5d1280031b"", ""status"": ""success""}",success,,2.5079588890075684,3592,0.002889,1.0,1.0,1.0,1.0,1.0,1.0,1.0,1.0,1.0
ffcbd8dd-878a-57fd-914f-ee6a0cc8e480,"{""document_id"": ""073f3b9eb0c7088be4ef688f4edfdb6d.pdf""}","{""term"": ""3_years"", ""party"": [{""name"": ""Liquidmetal_Technology_Inc.""}, {""name"": ""Visser_Precision_Cast_LLC""}], ""jurisdiction"": ""New_York"", ""effective_date"": ""2014-05-20""}",gpt-lite-single_pass-text-e2642fb3,1,"{""_char_count"": 20903, ""_page_count"": 4, ""effective_date"": ""2014-05-20"", ""jurisdiction"": ""New_York"", ""party"": [{""name"": ""LIQUIDMETAL_TECHNOLOGIES_INC.""}, {""name"": ""VISSER_PRECISION_CAST_LLC""}], ""term"": ""3_years""}","{""inputs"": {""document_id"": ""073f3b9eb0c7088be4ef688f4edfdb6d.pdf""}, ""outputs"": {""_char_count"": 20903, ""_page_count"": 4, ""effective_date"": ""2014-05-20"", ""jurisdiction"": ""New_York"", ""party"": [{""name"": ""LIQUIDMETAL_TECHNOLOGIES_INC.""}, {""name"": ""VISSER_PRECISION_CAST_LLC""}], ""term"": ""3_years""}, ""session_id"": ""d64bc366-59fa-46dc-bfef-ebfff4ead222"", ""error"": null, ""extra"": {""metadata"": {""LANGSMITH_ENDPOINT"": ""https://api.smith.langchain.com"", ""LANGSMITH_PROJECT"": ""agentic-kie-evals"", ""LANGSMITH_TRACING"": ""true"", ""__ls_runner"": ""py_sdk_evaluate"", ""example_version"": ""2026-04-11T14:27:42.293905+00:00"", ""ls_example_dataset_split"": [""dev""], ""ls_example_partition"": ""dev-0"", ""ls_example_source"": ""kleister-nda"", ""ls_method"": ""traceable"", ""ls_run_depth"": 0, ""modality"": ""text"", ""model_name"": ""gpt"", ""num_repetitions"": 1, ""revision_id"": ""dc70dde"", ""strategy"": ""single_pass""}, ""runtime"": {""langchain_core_version"": ""1.2.28"", ""langchain_version"": ""1.2.15"", ""library"": ""langsmith"", ""platform"": ""macOS-26.4-arm64-arm-64bit-Mach-O"", ""py_implementation"": ""CPython"", ""runtime"": ""python"", ""runtime_version"": ""3.13.12"", ""sdk"": ""langsmith-py"", ""sdk_version"": ""0.7.30""}}, ""run_type"": ""chain"", ""id"": ""019d7e0e-0c07-7022-afb0-2f9eee44f9cd"", ""status"": ""success""}",success,,2.3018381595611572,5008,0.00399225,1.0,0.875,1.0,0.5,1.0,1.0,1.0,1.0,1.0
